day;temperature_max;temperature_min;humidity;precip_intensity;precip_intensity_max;pressure;visibility;wind_speed
2015-01-04 00:00:00+00:00;4.53;2.16;0.93;0;0;1035.1;2744;1.22
2015-01-06 00:00:00+00:00;10.31;2.02;0.89;0.0166;0.1362;1021.8;5541;5.04
2015-01-08 00:00:00+00:00;11.08;6.79;0.92;0.6772;5.4726;1022.2;4891;6.19
2015-01-10 00:00:00+00:00;12.7;4.67;0.82;0.0252;0.1634;1017.1;5821;11.57
2015-01-12 00:00:00+00:00;11.54;8.81;0.89;263;1.6932;1012.6;4975;11.74
2015-01-14 00:00:00+00:00;9.4;2.95;0.81;0.0794;0.9019;1005.6;6.13;8.81
2015-01-16 00:00:00+00:00;7.25;0.48;0.85;0.1265;0.9146;1005.1;6188;2.89
2015-01-18 00:00:00+00:00;4.56;-0.93;0.93;45;0.3695;1011.8;5.09;1.68
2015-01-20 00:00:00+00:00;5.19;-3.3;0.88;0.0114;0.2375;1009.6;5344;3.35
2015-01-22 00:00:00+00:00;5.4;-2.58;0.88;0;0;1019.6;3834;1.52
2015-01-24 00:00:00+00:00;9.04;1.55;0.83;0.0945;0.8525;1026.2;5857;4.54
2015-01-26 00:00:00+00:00;11.36;3.91;0.85;0.0003;0.0061;1024.7;6216;4.89
2015-01-28 00:00:00+00:00;10.25;2.99;0.83;0.0738;332;1007.8;5413;9.32
2015-01-30 00:00:00+00:00;7.42;1.81;0.82;0.0045;0.0493;979.9;6216;4.92
2015-02-01 00:00:00+00:00;5.95;0.36;0.73;0.0063;0.1092;1000.3;5969;6.96
2015-02-03 00:00:00+00:00;4.15;-1.37;0.88;0.0023;0.0405;1007.5;4878;3.13
2015-02-05 00:00:00+00:00;4.8;0.57;0.85;0.0114;0.0682;1025;5728;4.66
2015-02-07 00:00:00+00:00;6.32;-0.08;0.85;0;0;1035.1;6191;4.49
2015-02-09 00:00:00+00:00;7.87;0.32;0.89;0;0;1034.7;3942;1.45
2015-02-11 00:00:00+00:00;6.32;3.93;0.81;0;0;1024.4;6134;1.83
2015-02-13 00:00:00+00:00;8.7;4.63;0.9;0.2855;1.2457;1003.4;4503;6.8
2015-02-15 00:00:00+00:00;10.33;1.22;0.89;0;0;1013.1;4392;1.42
2015-02-17 00:00:00+00:00;9.59;-0.15;0.8;0.0007;0.0155;1035.7;6208;2.57
2015-02-19 00:00:00+00:00;8.13;4.8;0.88;0.3602;1.2911;1022.2;5905;7.08
2015-02-21 00:00:00+00:00;7.44;0.73;0.84;0.0079;0.0758;1002.4;5986;3.24
2015-02-23 00:00:00+00:00;8.88;4.32;0.82;0.0146;0.0955;993.5;6216;7.85
2015-02-25 00:00:00+00:00;12.86;6.24;0.88;0.0238;0.2292;1015.6;6048;3.05
2015-02-27 00:00:00+00:00;10.03;0.69;0.77;0;0;1019.9;6216;3.61
2015-03-01 00:00:00+00:00;10.8;5.41;0.81;0.0495;0.6309;1001.6;6058;7.93
2015-03-03 00:00:00+00:00;9.72;3.82;0.76;0.1098;1.5588;1017;6216;5.28
2015-03-05 00:00:00+00:00;11.47;-1.54;0.8;0;0;1039.5;6215;2.14
2015-03-07 00:00:00+00:00;12.73;6.38;0.81;0;0;1026.5;6153;5.81
2015-03-09 00:00:00+00:00;9.46;2.45;0.94;0;0;1025.5;4305;4.04
2015-03-11 00:00:00+00:00;11.27;3.38;0.84;0;0;1028.6;4727;3.24
2015-03-13 00:00:00+00:00;12.38;4.12;0.67;0;0;1022.1;6053;4.33
2015-03-15 00:00:00+00:00;7.31;4.59;0.85;0;0;1026.7;4037;4
2015-03-17 00:00:00+00:00;13.99;3.77;0.84;0;0;1024.2;1.76;1.72
2015-03-19 00:00:00+00:00;8.23;5.23;0.82;0;0;1032.1;4058;4.51
2015-03-21 00:00:00+00:00;9.73;4.24;0.76;0;0;1025.1;6119;4.42
2015-03-23 00:00:00+00:00;11.1;-0.23;0.75;0;0;1016.6;5846;2.35
2015-03-25 00:00:00+00:00;10.44;0.09;0.78;0;0;1011.4;5893;2.17
2015-03-27 00:00:00+00:00;12.23;2.48;0.76;0;0;1020.2;6216;3.15
2015-03-29 00:00:00+00:00;13.5;8.97;0.84;0.0285;0.2303;1002;5.18;10.84
2015-03-30 23:00:00+00:00;14.14;7.34;0.64;0.0037;0.0279;1009;6099;12.23
2015-04-01 23:00:00+00:00;11.17;6.79;0.85;0.0238;0.2655;1020.6;5646;4.41
2015-04-03 23:00:00+00:00;9.81;6.38;0.85;0.0133;0.1448;1021.3;5215;3.73
2015-04-05 23:00:00+00:00;18.62;-0.25;0.8;0;0;1031.5;5686;2.65
2015-04-07 23:00:00+00:00;16.47;3.56;0.76;0;0;1032.8;4604;1.55
2015-04-09 23:00:00+00:00;17.91;4.24;0.77;0;0;1018.1;4009;3.15
2015-04-11 23:00:00+00:00;14.81;3.98;0.79;0;0;1026.9;6187;5.06
2015-04-13 23:00:00+00:00;19.38;4.23;0.79;0;0;1026.2;5356;2.31
2015-04-15 23:00:00+00:00;19.94;8.34;0.71;0;0;1014.3;6.16;3.96
2015-04-17 23:00:00+00:00;15.85;4.74;0.65;0;0;1026.2;6216;5.94
2015-04-19 23:00:00+00:00;19.85;2.06;0.66;0;0;1028.2;6063;6.26
2015-04-21 23:00:00+00:00;16.42;5.33;0.7;0;0;1029.4;6216;5.44
2015-04-23 23:00:00+00:00;14.67;4.54;0.87;0.0001;0.0053;1012.5;3891;3.12
2015-04-25 23:00:00+00:00;11.74;8.26;0.89;0.0161;0.1352;1007.2;4786;3.24
2015-04-27 23:00:00+00:00;13.12;3.43;0.67;0;0;1017.5;6216;5.46
2015-04-29 23:00:00+00:00;14.35;3.63;0.73;0.0046;59;1011.9;6216;3.85
2015-05-01 23:00:00+00:00;13.3;7.15;0.78;0.0178;0.6327;1008.8;5956;4.92
2015-05-03 23:00:00+00:00;15.95;10.48;0.84;0.1424;1.3048;1002.5;5961;4.89
2015-05-05 23:00:00+00:00;13.41;9.43;0.82;0.1028;0.8721;1005.7;6064;10.57
2015-05-07 23:00:00+00:00;16.31;8.56;0.82;0.0051;0.0646;1013.4;6055;3.25
2015-05-09 23:00:00+00:00;17.26;10.45;0.84;0;0;1023.5;5765;3.51
2015-05-11 23:00:00+00:00;16.92;9.22;0.77;0;0;1019.8;6172;4.11
2015-05-13 23:00:00+00:00;10.77;8.45;0.89;0.4962;2.7658;1011.9;5289;3.92
2015-05-15 23:00:00+00:00;19.62;10.54;0.71;0;0;1024.2;6187;5.57
2015-05-17 23:00:00+00:00;15.13;9.04;0.79;0.08;0.6537;1008.6;5476;7.07
2015-05-19 23:00:00+00:00;16.18;4.56;0.69;0;0;1016.9;6201;3.49
2015-05-21 23:00:00+00:00;17.15;6.31;0.86;0;0;1026;6216;2.37
2015-05-23 23:00:00+00:00;18.02;10.77;0.81;0;0;1020.4;6528;3.35
2015-05-25 23:00:00+00:00;19.88;8.22;0.71;0;0;1023.4;6216;2.59
2015-05-27 23:00:00+00:00;17.35;10.31;0.68;0;0;1015.5;6216;5.28
2015-05-29 23:00:00+00:00;16.17;6.63;0.74;0;0;1014.3;6218;4.31
2015-05-31 23:00:00+00:00;14.32;7.58;0.74;0.0162;556;1014.1;6152;5.86
2015-06-02 23:00:00+00:00;18.2;10.81;0.74;0;0;1021.4;6044;4.79
2015-06-04 23:00:00+00:00;19.96;11.71;0.8;0.0143;116;1016;6148;4.13
2015-06-06 23:00:00+00:00;19.54;6.37;0.69;0;0;1031.2;6216;2.25
2015-06-08 23:00:00+00:00;15.6;6.38;0.68;0;0;1031.8;6216;5.43
2015-06-10 23:00:00+00:00;25.02;10.88;0.68;0;0;1017.6;6216;5.73
2015-06-12 23:00:00+00:00;18.58;12.72;0.86;0.0582;1.0196;1009.9;5287;5.79
2015-06-14 23:00:00+00:00;18.87;11.25;0.77;0.0005;0.0112;1021.1;6201;3.38
2015-06-16 23:00:00+00:00;22.06;10.32;0.82;0;0;1024;6101;3.74
2015-06-18 23:00:00+00:00;21.7;9.75;0.68;0;0;1021.8;6216;3.33
2015-06-20 23:00:00+00:00;20.27;13.55;0.74;0;0;1017;6216;4.56
2015-06-22 23:00:00+00:00;20.24;10.51;0.73;0;0;1017.8;6216;2.91
2015-06-24 23:00:00+00:00;22.49;9.26;0.73;0;0;1021.7;6216;1.93
2015-06-26 23:00:00+00:00;22.27;11.28;0.74;0;0;1019.8;6216;3.9
2015-06-28 23:00:00+00:00;22.82;12.59;0.72;0;0;1022.2;6164;2.27
2015-06-30 23:00:00+00:00;30.71;18.57;0.6;0;0;1011.9;6216;4.66
2015-07-02 23:00:00+00:00;26.58;10.79;0.74;0;0;1022.8;6216;3.39
2015-07-04 23:00:00+00:00;21.25;12.76;0.8;0.0644;0.7424;1018.4;6107;2.95
2015-07-06 23:00:00+00:00;21.41;13.99;0.79;0.0028;0.0369;1010.3;6216;5.27
2015-07-08 23:00:00+00:00;21.08;10.06;0.66;0;0;1022.8;6216;3.03
2015-07-10 23:00:00+00:00;23.39;12.39;0.7;0;0;1017.1;6216;4.71
2015-07-12 23:00:00+00:00;18.29;16.07;0.91;17;0.1613;1016.1;5483;5.85
2015-07-14 23:00:00+00:00;23.02;16.71;0.85;0.0084;0.0455;1018.1;4.96;2.95
2015-07-16 23:00:00+00:00;21.83;14.99;0.79;0.0011;0.0616;1012.4;6021;5.9
2015-07-18 23:00:00+00:00;22.85;13.63;0.73;0.0246;0.3799;1011.2;6187;4.53
2015-07-20 23:00:00+00:00;21.96;13.12;0.81;0.0003;0.0054;1013.3;6201;5.39
2015-07-22 23:00:00+00:00;21.45;9.54;0.73;0;0;1018;6216;3.55
2015-07-24 23:00:00+00:00;20.42;10.56;0.76;0.0891;0.4608;1012.8;6089;5.75
2015-07-26 23:00:00+00:00;19.57;15.2;0.79;0.0007;0.0114;1001.6;6201;9.17
2015-07-28 23:00:00+00:00;18.33;9.7;0.74;0.0092;0.1152;1011.7;6216;4.68
2015-07-30 23:00:00+00:00;21.03;6.78;0.71;0;0;1018.6;6216;2.62
2015-08-01 23:00:00+00:00;23.13;9.77;0.72;0;0;1016.6;6.12;3.94
2015-08-03 23:00:00+00:00;20;12.75;0.76;0.0052;0.1045;1013.9;6216;6.66
2015-08-05 23:00:00+00:00;20.49;13.78;0.82;0.0006;0.0117;1013.3;6216;4.72
2015-08-07 23:00:00+00:00;24.86;11.95;0.77;0;0;1022.7;5.75;2.24
2015-08-09 23:00:00+00:00;20.75;16.58;0.89;0.0105;0.1551;1018;6189;4.16
2015-08-11 23:00:00+00:00;22.97;15.06;0.83;0.0668;0.3523;1021.9;5979;3.74
2015-08-13 23:00:00+00:00;19.19;15.76;0.93;0.0519;0.4743;1006.1;4048;2.84
2015-08-15 23:00:00+00:00;20.11;9.93;0.76;0;0;1017;6216;1.44
2015-08-17 23:00:00+00:00;18.93;13.37;0.74;0;0;1015.2;6216;2.98
2015-08-19 23:00:00+00:00;19.28;15.65;0.94;118;1341;1019.8;5381;3.36
2015-08-21 23:00:00+00:00;27.56;12.86;0.76;0;0;1013.9;6208;3.75
2015-08-23 23:00:00+00:00;16.79;12.54;0.93;0.7694;4.3584;999;5731;3.9
2015-08-25 23:00:00+00:00;19.29;15.07;0.91;0.2825;1509;1005.2;5772;6.96
2015-08-27 23:00:00+00:00;20.04;8.49;0.82;0;0;1016.5;6.03;3.64
2015-08-29 23:00:00+00:00;21.81;14.98;0.86;0.0015;0.0193;1016.6;5906;3.28
2015-08-31 23:00:00+00:00;19.18;11.8;0.83;0;0;1017.7;5533;2.66
2015-09-02 23:00:00+00:00;16.96;9.91;0.79;0;0;1016.4;6216;2.38
2015-09-04 23:00:00+00:00;16.15;9.04;0.83;0;0;1021.5;6123;2.49
2015-09-06 23:00:00+00:00;20.38;8;0.8;0;0;1030.1;6144;2.35
2015-09-08 23:00:00+00:00;19.94;9.8;0.79;0;0;1021.9;6.21;3.76
2015-09-10 23:00:00+00:00;20.73;10.4;0.76;0;0;1014.4;5453;4.48
2015-09-12 23:00:00+00:00;16.88;9.6;0.84;0;12;1006;6201;3.15
2015-09-14 23:00:00+00:00;17.97;10.76;0.84;0.1499;0.8175;996.7;5917;6.7
2015-09-16 23:00:00+00:00;17.74;9.62;0.84;0.0204;0.1655;999.6;5514;4.28
2015-09-18 23:00:00+00:00;19.56;9.34;0.85;0;0;1024.3;5291;1.63
2015-09-20 23:00:00+00:00;15.19;10.5;0.92;0.1518;1.2761;1013;5211;3.43
2015-09-22 23:00:00+00:00;17.25;7.58;0.83;0;0;1012.3;6216;4.17
2015-09-24 23:00:00+00:00;18.01;7.8;0.78;0;0;1022.8;6216;1.61
2015-09-26 23:00:00+00:00;19.06;7.53;0.79;0;0;1032.6;5851;3.23
2015-09-28 23:00:00+00:00;19.18;8.95;0.76;0;0;1033.8;6149;3.82
2015-09-30 23:00:00+00:00;18.1;8.88;0.78;0;0;1030;5828;3.82
2015-10-02 23:00:00+00:00;16.32;6.36;0.86;0;0;1015.4;2799;1.32
2015-10-04 23:00:00+00:00;16.9;13.82;0.94;0.4331;1.4249;1004.4;3448;5.46
2015-10-06 23:00:00+00:00;14.67;10.7;0.89;0.0028;0.03;1009;5863;4.61
2015-10-08 23:00:00+00:00;16.84;4.07;0.85;0;0;1022.6;5585;0.71
2015-10-10 23:00:00+00:00;16.36;9.11;0.8;0;0;1016.3;4927;2.79
2015-10-12 23:00:00+00:00;13.49;6.52;0.78;0;0;1022.7;6216;3.63
2015-10-14 23:00:00+00:00;12.39;8.16;0.86;0.0024;0.0206;1020.8;6.09;1.93
2015-10-16 23:00:00+00:00;13.01;9.67;0.83;0;0;1019.9;6216;2.57
2015-10-18 23:00:00+00:00;14.67;10.46;0.87;0;0;1024.1;6216;1.74
2015-10-20 23:00:00+00:00;14.29;6.82;0.95;0.2612;1.2204;1019.1;4661;3.07
2015-10-22 23:00:00+00:00;13.87;9.47;0.82;0;0;1021.1;6216;0.87
2015-10-24 23:00:00+00:00;13.13;2.53;0.86;0.0006;0.0132;1024.7;6176;1.01
2015-10-27 00:00:00+00:00;17.41;12.07;0.9;0.0203;0.2253;1008.9;4262;3.27
2015-10-29 00:00:00+00:00;14.59;12.48;0.92;0.0582;0.2504;1012.1;4615;4.81
2015-10-31 00:00:00+00:00;15.44;8.47;0.92;0;0;1022;3595;2.27
2015-11-02 00:00:00+00:00;14.87;8.49;0.95;0;0;1023.6;1.1;1.7
2015-11-04 00:00:00+00:00;14.23;11.11;0.95;0.2115;1.5166;1013.8;4.68;1.57
2015-11-06 00:00:00+00:00;16.68;13.22;0.96;0.1892;1.3416;1015.7;4.29;6.53
2015-11-08 00:00:00+00:00;16.13;8.5;0.94;0.0028;0.0374;1021.1;5014;4.48
2015-11-10 00:00:00+00:00;15.22;13.61;0.92;0;0;1023.4;6116;7.81
2015-11-12 00:00:00+00:00;15.25;11.6;0.91;0.0071;0.0549;1021.2;6053;4.85
2015-11-14 00:00:00+00:00;14.53;8.64;0.87;0.2;0.9581;1023.2;5648;7.23
2015-11-16 00:00:00+00:00;14.21;11.87;0.87;0.1171;2.4102;1010.7;6029;7.38
2015-11-18 00:00:00+00:00;14.92;11.44;0.83;0.0073;154;1013.1;5982;10.12
2015-11-20 00:00:00+00:00;10.34;4.96;0.85;19;0.1545;1009.2;6216;4.07
2015-11-22 00:00:00+00:00;7.09;-2.16;0.84;0;0;1015.2;6219;1.78
2015-11-24 00:00:00+00:00;11.15;7.09;0.9;0.2801;1.2946;1013;5583;5.57
2015-11-26 00:00:00+00:00;11.06;7.7;0.91;0.0124;0.0799;1020;5855;1.21
2015-11-28 00:00:00+00:00;11.21;2.92;0.83;0.0932;0.7062;1013;6162;7.38
2015-11-30 00:00:00+00:00;13.31;9.86;0.86;0.0168;0.1635;1017.5;5636;10.54
2015-12-02 00:00:00+00:00;13.1;11.79;0.84;0.0017;0.0355;1023.7;6216;6.54
2015-12-04 00:00:00+00:00;13.32;5.86;0.83;0.0205;0.3103;1026.5;6.21;7.07
2015-12-06 00:00:00+00:00;13.71;12.04;0.89;0.0886;0.4051;1018.2;5334;8.62
2015-12-08 00:00:00+00:00;13.25;7.15;0.86;0.2305;1.3586;1022.7;5783;6.95
2015-12-10 00:00:00+00:00;11.88;9.98;0.86;0.1769;1.4963;1026;5864;7.52
2015-12-12 00:00:00+00:00;12.92;5.93;0.88;0.0057;0.0934;1019.8;6194;6.42
2015-12-14 00:00:00+00:00;10.98;8.32;0.88;0.0356;405;1015.8;5665;3.59
2015-12-16 00:00:00+00:00;14.18;12.52;0.93;0.0224;0.0951;1019.3;5067;6.3
2015-12-18 00:00:00+00:00;13.29;11.4;0.91;0;0;1019.2;6019;4.71
2015-12-20 00:00:00+00:00;14.06;9.62;0.85;0.0401;0.3135;1011.5;6066;6.56
2015-12-22 00:00:00+00:00;14.17;10.54;0.92;0.2233;0.6869;1014.9;4332;10.85
2015-12-24 00:00:00+00:00;12.74;7.19;0.83;0.1327;1.7293;1014.2;6201;7.72
2015-12-26 00:00:00+00:00;14.34;12.76;0.86;0;0;1019.9;6112;8.79
2015-12-28 00:00:00+00:00;12.71;9.72;0.84;0.0001;0.0102;1016.7;6011;6.18
2015-12-30 00:00:00+00:00;12.69;10.19;0.8;0.2772;2.0686;1011.2;5865;10.38
2016-01-01 00:00:00+00:00;9.49;0.91;0.89;0.1051;0.9681;1016.7;6145;4.84
2016-01-03 00:00:00+00:00;9.64;5.57;0.89;0.5633;3.5982;992.1;5419;5.8
2016-01-05 00:00:00+00:00;9.91;5.07;0.92;0.1836;614;984.6;6198;2.57
2016-01-07 00:00:00+00:00;10.76;4.29;0.83;0.4555;3.1146;989.4;5597;8.13
2016-01-09 00:00:00+00:00;11.1;6.58;0.89;224;1.2732;990.7;5989;7.03
2016-01-11 00:00:00+00:00;8.97;4.4;0.89;0.1945;1.4342;982.9;6134;4.24
2016-01-13 00:00:00+00:00;8;2.31;0.81;0.0967;1.2643;1014;6.07;4.57
2016-01-15 00:00:00+00:00;6.1;0.78;0.8;0;0;1020.6;6216;4.48
2016-01-17 00:00:00+00:00;6;1.06;0.91;0.1114;352;1024.7;4652;3.54
2016-01-19 00:00:00+00:00;4.45;-3.33;0.83;0;0;1016.6;6094;0.59
2016-01-21 00:00:00+00:00;8.53;-0.87;0.82;0;0;1021;4703;3.28
2016-01-23 00:00:00+00:00;10.03;4.45;0.95;0.1019;1302;1029.4;4423;3.43
2016-01-25 00:00:00+00:00;12.19;7.47;0.88;0;0;1021.3;6216;5.41
2016-01-27 00:00:00+00:00;11.77;7.48;0.94;0.4686;1.52;1010.9;4549;10.1
2016-01-29 00:00:00+00:00;11.42;9.15;0.91;0.0604;0.2841;1020;4762;11.59
2016-01-31 00:00:00+00:00;12.62;5.1;0.9;27;0.2391;1010.4;5297;5.62
2016-02-02 00:00:00+00:00;10.78;4.94;0.75;0.0023;0.0356;1016.7;6216;7.55
2016-02-04 00:00:00+00:00;13.78;4.38;0.85;0;0;1026.1;6216;5.45
2016-02-06 00:00:00+00:00;11.89;7.35;0.86;0.1096;1.0245;998.9;5.83;9.66
2016-02-08 00:00:00+00:00;9.94;7;0.76;0.0691;0.7654;989.7;5997;13.69
2016-02-10 00:00:00+00:00;8.39;1.72;0.83;0;0;997.6;6217;4.49
2016-02-12 00:00:00+00:00;6.18;3.25;0.9;0.0397;0.3544;994.9;6086;3.19
2016-02-14 00:00:00+00:00;7.03;1.68;0.82;0.0615;0.2756;996.1;4922;4.15
2016-02-16 00:00:00+00:00;7.98;-2.7;0.82;0;0;1034;6048;1.91
2016-02-18 00:00:00+00:00;8.33;-0.36;0.81;0.0807;0.9006;1013.5;5616;2.67
2016-02-20 00:00:00+00:00;11.33;8.7;0.9;0.0048;0.0366;1011.3;5203;9.68
2016-02-22 00:00:00+00:00;10.95;5.36;0.87;0.0593;0.4876;1010;5229;4.57
2016-02-24 00:00:00+00:00;8.09;-0.93;0.78;0;0;1017.6;6067;1.35
2016-02-26 00:00:00+00:00;7.95;0.4;0.74;0;0;1009.8;6179;2.7
2016-02-28 00:00:00+00:00;7.84;2.52;0.71;0;0;1019.7;6216;5.02
2016-03-01 00:00:00+00:00;11.68;5.17;0.9;0.1711;1276;1012.9;4501;7.29
2016-03-03 00:00:00+00:00;9.62;3.79;0.75;0.0208;615;1004.1;6048;6.17
2016-03-05 00:00:00+00:00;7.1;-0.44;0.85;0.0014;0.0103;1000.2;5.28;3.65
2016-03-07 00:00:00+00:00;8.18;0;0.7;0;0;1009.7;6216;3.81
2016-03-09 00:00:00+00:00;9.08;5.9;0.89;0.6375;3.7577;995.2;5194;7.13
2016-03-11 00:00:00+00:00;10.98;0.28;0.86;0;0;1027.9;2361;1.15
2016-03-13 00:00:00+00:00;11.46;1.52;0.8;0;0;1033.5;3.65;3.67
2016-03-15 00:00:00+00:00;10.82;1.57;0.84;0;0;1029.1;4945;3.42
2016-03-17 00:00:00+00:00;12.66;1.46;0.73;0;0;1029.2;4608;2.89
2016-03-19 00:00:00+00:00;9.64;5.54;0.76;0;0;1025.4;6216;4.26
2016-03-21 00:00:00+00:00;12.92;5.68;0.72;0;0;1023;6115;1.97
2016-03-23 00:00:00+00:00;11.69;3.89;0.76;0;0;1016.7;5694;1.21
2016-03-25 00:00:00+00:00;15.09;6.96;0.77;0.1092;0.7439;1013.9;5553;4.13
2016-03-27 00:00:00+00:00;10.16;6.19;0.85;0.2504;1.0393;1000.7;6085;8.55
2016-03-28 23:00:00+00:00;12.62;6.36;0.78;0.1762;1617;1003.5;6188;7.45
2016-03-30 23:00:00+00:00;13.58;4.58;0.7;0;0;1014.9;6216;2.44
2016-04-01 23:00:00+00:00;14.36;7.3;0.75;0.1048;0.9364;1013;5352;3.85
2016-04-03 23:00:00+00:00;12.51;8.27;0.86;0.0118;0.2228;1002.3;5743;3.96
2016-04-05 23:00:00+00:00;11.73;6.34;0.77;0.0509;0.4055;1009;5746;6.75
2016-04-07 23:00:00+00:00;12.47;4.6;0.83;0.0002;0.0119;1011.9;6216;2.9
2016-04-09 23:00:00+00:00;12.92;1.92;0.72;0.0691;1.5269;1006.4;6139;5.5
2016-04-11 23:00:00+00:00;16.26;5.91;0.79;0.0006;0.0108;1006.9;5914;2.23
2016-04-13 23:00:00+00:00;15.69;5.98;0.82;0.0615;0.7535;1009.5;5783;2.38
2016-04-15 23:00:00+00:00;8.48;3.72;0.83;0.0245;0.3338;1004;5991;2.94
2016-04-17 23:00:00+00:00;12.1;1.81;0.75;0;0;1022.8;6216;3.87
2016-04-19 23:00:00+00:00;16.31;3.77;0.69;0;0;1028.6;6201;4.91
2016-04-21 23:00:00+00:00;11.17;6.43;0.8;0.0358;0.1759;1020;6164;4.72
2016-04-23 23:00:00+00:00;11.22;3.42;0.67;0;0;1020.2;6216;3.33
2016-04-25 23:00:00+00:00;11.34;2.88;0.67;0.0106;0.0821;1008.6;6177;5.19
2016-04-27 23:00:00+00:00;11.36;0.09;0.74;0;0;1014.2;5875;5.07
2016-04-29 23:00:00+00:00;13.89;1.23;0.69;0.0019;0.0283;1021.2;6558;2.8
2016-05-01 23:00:00+00:00;13.09;8.01;0.9;0.0246;0.2043;1022;4871;5.86
2016-05-03 23:00:00+00:00;16.14;2.66;0.72;0;0;1026.7;6216;2.2
2016-05-05 23:00:00+00:00;21.31;6.8;0.61;0;0;1010.5;6216;2.98
2016-05-07 23:00:00+00:00;25.31;11.78;0.6;0;0;1006.3;6216;4.55
2016-05-09 23:00:00+00:00;18.34;14.39;0.9;0.0804;0.4455;1005.6;4254;2.37
2016-05-11 23:00:00+00:00;23.7;13.55;0.76;0.0851;0.9464;1001.4;4068;3.31
2016-05-13 23:00:00+00:00;15.37;7.59;0.63;0;0;1019.3;6216;3.41
2016-05-15 23:00:00+00:00;18.84;7.39;0.72;0;0;1020.9;6187;2.39
2016-05-17 23:00:00+00:00;13.25;10.27;0.88;0.2195;1.5832;1005.6;5933;4.37
2016-05-19 23:00:00+00:00;17.67;12.2;0.83;0.0042;0.0455;1015.3;5985;5.6
2016-05-21 23:00:00+00:00;17.74;10.68;0.81;0.0045;0.0707;1007.8;5989;2.31
2016-05-23 23:00:00+00:00;18.17;9.25;0.71;0;0;1020.6;6008;3.1
2016-05-25 23:00:00+00:00;20.11;4.88;0.76;0;0;1015.8;5077;1.87
2016-05-27 23:00:00+00:00;20.93;11.05;0.79;0.0453;0.5556;1014.4;5244;2.88
2016-05-29 23:00:00+00:00;17.36;11.69;0.78;0;0;1015.1;6216;5.02
2016-05-31 23:00:00+00:00;14.1;11.96;0.91;0.0225;0.2821;1020.3;5421;4.4
2016-06-02 23:00:00+00:00;15.37;9.11;0.82;0;0;1017.3;6195;3.19
2016-06-04 23:00:00+00:00;24.24;13.92;0.77;0;0;1019.7;4.89;2.41
2016-06-06 23:00:00+00:00;23.9;11.05;0.73;0.0007;0.0149;1022.4;6149;1.23
2016-06-08 23:00:00+00:00;20.5;12.44;0.82;0;0;1021.5;5126;2.46
2016-06-10 23:00:00+00:00;22.89;13.88;0.76;0.0034;0.0555;1010.7;6064;1.36
2016-06-12 23:00:00+00:00;18.31;13.18;0.87;0.0327;0.1931;1003.2;6093;4.46
2016-06-14 23:00:00+00:00;18.32;11.75;0.82;0.0011;0.0135;997.2;6187;4.34
2016-06-16 23:00:00+00:00;18.19;13.06;0.88;134;1.0314;1006.8;4727;2
2016-06-18 23:00:00+00:00;18.57;11.32;0.86;0.0442;0.3695;1023.8;6071;3.88
2016-06-20 23:00:00+00:00;20.27;14.47;0.83;0;0;1017.4;5879;3.44
2016-06-22 23:00:00+00:00;20.42;15.47;0.94;0.6602;3.8353;1016.1;4891;1.78
2016-06-24 23:00:00+00:00;17.17;11.68;0.85;0.1367;0.6412;1017.5;6216;3.33
2016-06-26 23:00:00+00:00;21.71;14.66;0.77;0.0036;0.1106;1017.9;5795;4.39
2016-06-28 23:00:00+00:00;16.55;11.77;0.89;0.1189;0.7211;1010.2;5608;7.07
2016-06-30 23:00:00+00:00;17.94;13.1;0.85;0.0271;0.2413;1009.9;5833;7.55
2016-07-02 23:00:00+00:00;18.94;11.98;0.81;0.0028;0.0327;1018.9;6216;3.05
2016-07-04 23:00:00+00:00;22.2;14.66;0.76;3;0.0619;1018;6158;4.16
2016-07-06 23:00:00+00:00;19.72;12.68;0.79;0;0;1020.2;6216;2.42
2016-07-08 23:00:00+00:00;20.42;13.86;0.85;0;0;1018.7;6216;4.61
2016-07-10 23:00:00+00:00;20.29;15.12;0.83;0;0;1009.2;6188;7.94
2016-07-12 23:00:00+00:00;18.43;11.37;0.79;0.0377;408;1018.2;6216;3.17
2016-07-14 23:00:00+00:00;19.26;10.49;0.81;0;0;1027;6216;3.56
2016-07-16 23:00:00+00:00;25.02;17;0.81;0;0;1023;6216;2.75
2016-07-18 23:00:00+00:00;31.04;15.35;0.69;0;0;1016.7;6216;4.62
2016-07-20 23:00:00+00:00;23.77;13.11;0.76;0;0;1016.3;6216;2.51
2016-07-22 23:00:00+00:00;25.04;13.81;0.77;0;0;1020.3;6.13;2.67
2016-07-24 23:00:00+00:00;22.84;14.06;0.76;0;0;1019.9;6064;4.23
2016-07-26 23:00:00+00:00;22.36;16.82;0.85;0.0004;0.0052;1016.5;6104;5.14
2016-07-28 23:00:00+00:00;21.89;16.03;0.83;0;0;1011.9;6.19;4.98
2016-07-30 23:00:00+00:00;22.73;12.99;0.7;0;0;1017;6216;2.59
2016-08-01 23:00:00+00:00;19.45;14.72;0.94;0.3498;2.6766;1011.2;4823;7.06
2016-08-03 23:00:00+00:00;21.22;15.4;0.77;1;0.0197;1010.6;6216;6.29
2016-08-05 23:00:00+00:00;23.36;12.46;0.77;0;0;1027.1;6216;3.13
2016-08-07 23:00:00+00:00;21.39;14.41;0.67;0;0;1022.4;6216;4.76
2016-08-09 23:00:00+00:00;20.38;9.84;0.69;0;0;1025.2;6216;2.66
2016-08-11 23:00:00+00:00;22.84;13.47;0.79;0;0;1024.2;6177;3.6
2016-08-13 23:00:00+00:00;23.32;12.52;0.72;0;0;1024.7;6216;1.51
2016-08-15 23:00:00+00:00;24.82;10.88;0.74;0;0;1018.8;6029;2.57
2016-08-17 23:00:00+00:00;24.86;15.5;0.79;0.0208;0.2469;1010.2;5899;1.45
2016-08-19 23:00:00+00:00;19.14;15.6;0.81;92;0.9471;1007.9;6086;9.4
2016-08-21 23:00:00+00:00;22.01;15.65;0.82;0.0041;0.0616;1024.1;6195;5.85
2016-08-23 23:00:00+00:00;30.92;16.23;0.75;0.0009;0.0169;1017.6;6216;1.3
2016-08-25 23:00:00+00:00;26.84;16.87;0.71;0.0038;0.0595;1017.4;5121;1.99
2016-08-27 23:00:00+00:00;19.61;16.41;0.88;4;0.0243;1013.7;5731;5.16
2016-08-29 23:00:00+00:00;24.57;10.37;0.77;0;0;1024.4;5763;1.36
2016-08-31 23:00:00+00:00;22.58;11.59;0.8;0;0;1023.4;6101;2.42
2016-09-02 23:00:00+00:00;19.72;11.19;0.89;0.1571;1.7988;1016.6;5953;4.13
2016-09-04 23:00:00+00:00;22.67;14.51;0.91;0.1305;0.6767;1019.2;4993;2.25
2016-09-06 23:00:00+00:00;26.36;17.54;0.78;0;0;1017.8;6216;2.54
2016-09-08 23:00:00+00:00;21.26;15.35;0.84;0.0045;0.0402;1015.6;5972;5.47
2016-09-10 23:00:00+00:00;20.21;8.24;0.78;0.0006;0.0132;1017.1;6139;1.75
2016-09-12 23:00:00+00:00;28.15;15.72;0.77;0;0;1009;6216;2.6
2016-09-14 23:00:00+00:00;25.39;14.95;0.83;0.0234;0.3566;1009.9;5943;2.23
2016-09-16 23:00:00+00:00;16.41;11.67;0.84;0;0;1020.2;6188;4.59
2016-09-18 23:00:00+00:00;20.11;13.05;0.84;0.0824;0.5028;1021.5;5676;1.18
2016-09-20 23:00:00+00:00;20.79;13.2;0.86;0;0;1018;5457;2.05
2016-09-22 23:00:00+00:00;19.09;7.78;0.75;0;0;1024.4;6216;1.83
2016-09-24 23:00:00+00:00;19.63;12.8;0.74;0.0454;0.6707;1015;6173;5.73
2016-09-26 23:00:00+00:00;18.64;10.99;0.87;0.0096;87;1022.8;5837;4.15
2016-09-28 23:00:00+00:00;19.2;12.61;0.84;0.0503;0.2988;1016.4;5186;5.54
2016-09-30 23:00:00+00:00;15.58;9.62;0.87;0.2911;1.6099;1006.4;5654;2.39
2016-10-02 23:00:00+00:00;18.7;3.85;0.79;0;0;1028;5935;1.69
2016-10-04 23:00:00+00:00;17.41;10.03;0.73;0;0;1028.1;6019;5.51
2016-10-06 23:00:00+00:00;15;10.22;0.81;0;0;1021.7;6216;2
2016-10-08 23:00:00+00:00;15.66;8;0.82;0.0004;0.0092;1027.4;6216;2.08
2016-10-10 23:00:00+00:00;15.66;4.4;0.82;0;0;1022.3;5318;1.45
2016-10-12 23:00:00+00:00;13.94;7.81;0.79;0.0007;0.0148;1012;5.65;3.18
2016-10-14 23:00:00+00:00;16.94;10;0.84;0.0889;0.8676;1006.3;5081;2.92
2016-10-16 23:00:00+00:00;16.67;10.41;0.84;0.0419;0.2341;1018.6;6173;3.43
2016-10-18 23:00:00+00:00;14.23;7.85;0.79;0;0;1021.8;6216;3.62
2016-10-20 23:00:00+00:00;13.66;7.52;0.85;0;0;1020.1;5948;2.45
2016-10-22 23:00:00+00:00;13.47;5.02;0.83;0;0;1010.7;4057;3.73
2016-10-24 23:00:00+00:00;15.42;9.29;0.9;0.0053;0.0784;1021.9;4418;1
2016-10-26 23:00:00+00:00;15.59;8.01;0.88;0.0017;0.0238;1032.5;3679;2.64
2016-10-28 23:00:00+00:00;14.86;9.86;0.89;0;0;1034.4;5026;0.66
2016-10-31 00:00:00+00:00;18.9;7.94;0.88;0;0;1026.4;3323;1.12
2016-11-02 00:00:00+00:00;11.5;1.37;0.81;0;0;1024.9;5976;1.62
2016-11-04 00:00:00+00:00;12.23;4.65;0.91;0.3241;2.4142;1009.9;5242;1.01
2016-11-06 00:00:00+00:00;7.95;0.66;0.81;0.0112;0.1459;1006.9;6216;4.38
2016-11-08 00:00:00+00:00;6.86;-0.72;0.84;0.0245;0.3847;1010.2;5626;1.22
2016-11-10 00:00:00+00:00;11.93;4.27;0.85;0.0013;0.0124;1008.1;6187;3.61
2016-11-12 00:00:00+00:00;11.75;8.17;0.9;0.3236;2.0473;1016.5;3.91;3.81
2016-11-14 00:00:00+00:00;12.89;4.69;0.92;0.0022;0.0343;1030.3;5996;2.43
2016-11-16 00:00:00+00:00;13.58;9.81;0.88;0.0478;0.2551;1016.7;5871;6.36
2016-11-18 00:00:00+00:00;8.13;3.63;0.81;0.0023;0.0648;996.5;6216;3.79
2016-11-20 00:00:00+00:00;11.07;4.79;0.89;0.7453;3.6478;986.6;5433;6.98
2016-11-22 00:00:00+00:00;11.74;7.22;0.81;79;0.4397;1000;6125;8.21
2016-11-24 00:00:00+00:00;11.75;7.69;0.82;0;0;1020.2;6216;7.64
2016-11-26 00:00:00+00:00;7.62;2.21;0.9;0;0;1020.2;3369;1.72
2016-11-28 00:00:00+00:00;9.27;0.9;0.7;0;0;1028.7;6216;4.04
2016-11-30 00:00:00+00:00;7.75;-4.43;0.8;0;0;1034.7;6197;0.55
2016-12-02 00:00:00+00:00;7.93;1.2;0.89;0;0;1026.4;5371;0.4
2016-12-04 00:00:00+00:00;6.95;0.53;0.76;0;0;1022.8;6216;4.71
2016-12-06 00:00:00+00:00;11.24;3.25;0.93;0;0;1026.9;1785;5.43
2016-12-08 00:00:00+00:00;12.62;10.32;0.88;0;0;1026.5;4609;4.62
2016-12-10 00:00:00+00:00;12.68;8.01;0.92;0.0716;0.5233;1021.7;3299;5.46
2016-12-12 00:00:00+00:00;11.23;1.05;0.94;0.0369;0.1753;1022.5;3262;2.6
2016-12-14 00:00:00+00:00;12.39;6.22;0.9;2;0.0328;1019.4;4228;2.52
2016-12-16 00:00:00+00:00;11.34;7.37;0.9;0;0;1024.6;3065;1.38
2016-12-18 00:00:00+00:00;7.95;5.68;0.96;0;0;1036.1;1587;0.48
2016-12-20 00:00:00+00:00;6.94;4.62;0.84;0.0033;0.0396;1020.7;4305;1.98
2016-12-22 00:00:00+00:00;10.31;1.77;0.9;0.0139;0.2276;1027.8;5358;1.76
2016-12-24 00:00:00+00:00;10.84;5.42;0.85;0;0;1027.7;6187;5.31
2016-12-26 00:00:00+00:00;11.87;1.43;0.82;0.0079;0.0991;1032.4;6111;3.51
2016-12-28 00:00:00+00:00;8.31;1.77;0.9;0;0;1042.1;3337;1.72
2016-12-30 00:00:00+00:00;5.09;-1.17;0.95;0.0007;11;1036.6;264;0.39
2017-01-01 00:00:00+00:00;9.41;3.97;0.92;0.2536;1.3199;1018.3;5819;2.82
2017-01-03 00:00:00+00:00;5.68;-2.11;0.89;0.0023;0.0343;1028.9;6201;2.8
2017-01-05 00:00:00+00:00;5.62;-2.14;0.85;0;0;1034.1;6171;0.65
2017-01-07 00:00:00+00:00;10.78;7.1;0.96;102;0.5936;1032.3;3546;2.03
2017-01-09 00:00:00+00:00;10.26;4.83;0.92;0.0802;0.5654;1020.2;4655;5.39
2017-01-11 00:00:00+00:00;11.76;5.6;0.8;0;0;1012.3;5801;5.32
2017-01-13 00:00:00+00:00;6.37;0.69;0.78;0.0553;0.3876;1010.1;6216;6.7
2017-01-15 00:00:00+00:00;9.01;2.12;0.94;0.1278;0.3254;1023.1;4509;2.91
2017-01-17 00:00:00+00:00;6.05;-1.85;0.88;0.0003;0.0055;1035.6;3945;0.75
2017-01-19 00:00:00+00:00;6.67;-2.27;0.79;0;0;1036.2;5278;1.5
2017-01-21 00:00:00+00:00;3.9;-3.74;0.81;0;0;1027.4;5149;1.44
2017-01-23 00:00:00+00:00;3.63;-2.82;0.94;0;0;1028.4;909;0.41
2017-01-25 00:00:00+00:00;4.59;-1.05;0.93;0;0;1027.5;1291;2.61
2017-01-27 00:00:00+00:00;7.7;-0.07;0.88;3;0.0442;1010;3578;4.02
2017-01-29 00:00:00+00:00;9.87;5.16;0.91;0.3147;1.6222;1012.1;5211;5.65
2017-01-31 00:00:00+00:00;10.75;6.12;0.96;0.2996;0.9296;1012.6;2126;5.29
2017-02-02 00:00:00+00:00;10.82;8.97;0.91;0.1257;0.8496;997.3;5263;10.55
2017-02-04 00:00:00+00:00;9.54;4.08;0.87;0.0354;0.1679;997.3;6149;1.87
2017-02-06 00:00:00+00:00;7.56;-1.14;0.9;0.0988;0.7768;1017.3;5074;2.84
2017-02-08 00:00:00+00:00;6.65;1.62;0.87;0;0;1025.6;5403;2.45
2017-02-10 00:00:00+00:00;2.88;0.38;0.89;0.0026;0.0331;1023;1837;3.98
2017-02-12 00:00:00+00:00;6.02;1.9;0.89;0;0;1021.1;2318;4.92
2017-02-14 00:00:00+00:00;10;3.81;0.85;0;0;1022.5;4486;5.93
2017-02-16 00:00:00+00:00;11.84;6.94;0.89;0;0;1030.2;6081;2.87
2017-02-18 00:00:00+00:00;11.96;5.3;0.89;0;0;1025.3;3691;2.11
2017-02-20 00:00:00+00:00;15.68;8.98;0.89;0;0;1019.9;5309;4.27
2017-02-22 00:00:00+00:00;11.35;9.52;0.91;0.0011;0.0125;1010.6;4561;8.66
2017-02-24 00:00:00+00:00;9.98;2.62;0.72;0;0;1016.6;6216;3.32
2017-02-26 00:00:00+00:00;10.71;8.61;0.91;0.0585;0.3783;1007.5;4846;8.61
2017-02-28 00:00:00+00:00;7.82;1.17;0.83;0.0584;0.3225;989.6;6.08;4.89
2017-03-02 00:00:00+00:00;11.33;5.12;0.7;0;0;1009.5;6216;7.53
2017-03-04 00:00:00+00:00;11.03;6.33;0.84;0.0069;0.1104;989.9;6.21;4.42
2017-03-06 00:00:00+00:00;10.59;2.84;0.79;0;0;1004.9;6216;3.79
2017-03-08 00:00:00+00:00;13.11;7.86;0.93;0.1251;0.6632;1013.2;5134;6.57
2017-03-10 00:00:00+00:00;10.48;6.42;0.93;0.0002;5;1025;3113;4.15
2017-03-12 00:00:00+00:00;12.49;7.25;0.89;0.0446;0.3707;1014.9;4635;2.29
2017-03-14 00:00:00+00:00;15.18;7.13;0.85;0;0;1032.9;5779;3.72
2017-03-16 00:00:00+00:00;11.99;5.11;0.91;0;0;1023.5;3763;2.38
2017-03-18 00:00:00+00:00;13.97;9.57;0.86;0.0057;0.0842;1011.9;6016;8.11
2017-03-20 00:00:00+00:00;11.51;7.34;0.91;0.0507;264;1006;5154;8.12
2017-03-22 00:00:00+00:00;10.19;4.33;0.81;0.1117;0.5091;1006.1;5849;5.7
2017-03-24 00:00:00+00:00;13.14;6.58;0.79;0;0;1026.2;4325;6.04
2017-03-26 00:00:00+00:00;16.84;5.61;0.65;0;0;1022.5;6217;6.07
2017-03-27 23:00:00+00:00;15.17;5.07;0.85;0;0;1020.3;4131;4.21
2017-03-29 23:00:00+00:00;18.18;10.86;0.73;0;0;1019.2;6216;3.87
2017-03-31 23:00:00+00:00;14.45;8.06;0.83;0;0;1009.9;6223;5.22
2017-04-02 23:00:00+00:00;12.74;2.56;0.89;0;0;1025.9;5079;2.54
2017-04-04 23:00:00+00:00;16.1;4.94;0.7;0;0;1030.6;6216;3.52
2017-04-06 23:00:00+00:00;16.2;3.55;0.81;0;0;1027.2;5277;1.32
2017-04-08 23:00:00+00:00;19.64;8.2;0.75;0;0;1020.7;4847;3.15
2017-04-10 23:00:00+00:00;14.79;5.04;0.69;0;0;1027.8;6216;3.6
2017-04-12 23:00:00+00:00;14.35;6.31;0.74;0;0;1018.6;6149;2.2
2017-04-14 23:00:00+00:00;14.91;7.76;0.72;0;0;1018.5;6143;4.54
2017-04-16 23:00:00+00:00;13.47;8.46;0.77;0.0024;0.0401;1022.4;6162;3
2017-04-18 23:00:00+00:00;12.76;2.21;0.7;0;0;1036.3;6216;2.76
2017-04-20 23:00:00+00:00;15.96;8.86;0.76;0;0;1032.1;5527;1.72
2017-04-22 23:00:00+00:00;14.49;5.58;0.8;0;0;1026.3;5345;2.09
2017-04-24 23:00:00+00:00;11.68;0.65;0.56;0;0;1013.9;6216;4.54
2017-04-26 23:00:00+00:00;11.81;-0.12;0.72;0.0035;0.0538;1019.6;6049;3.38
2017-04-28 23:00:00+00:00;15.47;2.49;0.75;0;0;1014.6;6216;3.79
2017-04-30 23:00:00+00:00;12.9;7.53;0.85;0.0694;0.7463;1003.2;6086;3.7
2017-05-02 23:00:00+00:00;11.88;7.15;0.82;0;0;1021.3;6013;4.22
2017-05-04 23:00:00+00:00;14.64;8.4;0.75;0;0;1019.8;6216;6.7
2017-05-06 23:00:00+00:00;16.77;8.41;0.78;0;0;1020.4;5431;2.39
2017-05-08 23:00:00+00:00;14.78;4.54;0.72;0;0;1022.2;6216;2.68
2017-05-10 23:00:00+00:00;19.97;7.13;0.78;0.0367;0.2873;996;5156;3.04
2017-05-12 23:00:00+00:00;16.87;11.28;0.81;0.0142;0.1585;1008.1;5.56;5.23
2017-05-14 23:00:00+00:00;16.81;9.48;0.88;0.0924;0.6234;1024.9;5734;5.98
2017-05-16 23:00:00+00:00;17.74;12.81;0.94;0.4841;1.4185;1016.9;5158;1.14
2017-05-18 23:00:00+00:00;15.18;9.13;0.83;0.0377;0.2517;1012.2;5938;3.58
2017-05-20 23:00:00+00:00;19.22;9.01;0.76;0;0;1023.4;6216;3.53
2017-05-22 23:00:00+00:00;20.24;11;0.81;0;0;1021.2;6216;3.02
2017-05-24 23:00:00+00:00;24.08;11.8;0.75;0;0;1023.4;6087;4.08
2017-05-26 23:00:00+00:00;18.49;12.94;0.83;0.0418;686;1014.5;6135;4.43
2017-05-28 23:00:00+00:00;18.31;12.85;0.91;0.1687;1.7818;1012.5;5305;1.88
2017-05-30 23:00:00+00:00;21.48;12.8;0.82;0;0;1022.3;5962;2.28
2017-06-01 23:00:00+00:00;24.63;11.65;0.77;0.0002;0.0081;1016.1;6188;1.97
2017-06-03 23:00:00+00:00;18.33;9.54;0.75;0;0;1017;6216;4.91
2017-06-05 23:00:00+00:00;16.44;10.19;0.79;0.3362;1.3579;997.3;5.5;8.95
2017-06-07 23:00:00+00:00;17.96;13.31;0.85;0.0726;1.0864;1011.2;6158;7.27
2017-06-09 23:00:00+00:00;20.35;13.3;0.79;0;0;1017.2;6201;6.05
2017-06-11 23:00:00+00:00;18.9;11.71;0.76;0;0;1018.3;6216;4.73
2017-06-13 23:00:00+00:00;24.48;10.07;0.72;0;0;1016.9;6156;2.2
2017-06-15 23:00:00+00:00;22.38;11.33;0.73;0;0;1024.2;6216;3.76
2017-06-17 23:00:00+00:00;28.53;14.99;0.71;0;0;1023.6;6216;1.2
2017-06-19 23:00:00+00:00;29.04;15.94;0.71;0;0;1017.1;5889;1.86
2017-06-21 23:00:00+00:00;23.15;16.46;0.8;0;0;1012.7;5.1;4.03
2017-06-23 23:00:00+00:00;18.63;16.06;0.89;0.0068;0.0886;1015;6008;5.4
2017-06-25 23:00:00+00:00;22.89;11.79;0.69;0;0;1014.1;6216;2.5
2017-06-27 23:00:00+00:00;17.66;13.71;0.91;0.0752;0.3073;997.6;4496;1.21
2017-06-29 23:00:00+00:00;21.32;12.99;0.78;0.0327;0.2856;1004.6;6216;2.68
2017-07-01 23:00:00+00:00;23.67;15.51;0.71;0.0003;0.0072;1020.8;6133;3.77
2017-07-03 23:00:00+00:00;21.93;11.97;0.79;0;0;1020.4;6216;2.23
2017-07-05 23:00:00+00:00;28.31;16.36;0.7;0;0;1014.2;6216;3.63
2017-07-07 23:00:00+00:00;24.89;15.54;0.74;0;0;1018.3;6216;2.52
2017-07-09 23:00:00+00:00;24.5;14.04;0.73;0;0;1009.1;6216;3.5
2017-07-11 23:00:00+00:00;21.29;14.18;0.8;0.2449;1.5503;1014;5401;3.06
2017-07-13 23:00:00+00:00;22.06;13.95;0.7;0;0;1020.2;6216;3.46
2017-07-15 23:00:00+00:00;24.77;17.38;0.82;0;0;1023.3;6216;3.25
2017-07-17 23:00:00+00:00;28.17;15.63;0.68;0.0007;0.0145;1015.4;6152;3.91
2017-07-19 23:00:00+00:00;19.91;14.59;0.78;0.0353;0.3134;1008.3;6119;4.68
2017-07-21 23:00:00+00:00;17.64;12.93;0.88;0.1797;0.8922;1007.9;5982;3.14
2017-07-23 23:00:00+00:00;20.71;13.31;0.84;0.0067;0.0702;1013.9;5852;3.82
2017-07-25 23:00:00+00:00;19.02;14.95;0.92;0.0578;0.3919;1008.7;5363;4.34
2017-07-27 23:00:00+00:00;18.9;14.55;0.86;0.0848;0.3544;1009.6;5808;6.76
2017-07-29 23:00:00+00:00;19.67;14.62;0.82;0.0774;883;1006.4;6058;4.95
2017-07-31 23:00:00+00:00;21.35;11.47;0.8;0;0;1015;6152;3.72
2017-08-02 23:00:00+00:00;19.65;15.52;0.84;0.0517;0.8945;1008.6;6013;7.77
2017-08-04 23:00:00+00:00;21.05;13.06;0.78;0.0797;656;1016.8;6216;2.75
2017-08-06 23:00:00+00:00;20.16;13.29;0.84;0.0063;0.1348;1018;6204;3.05
2017-08-08 23:00:00+00:00;16.3;11.7;0.91;0.3183;1.1729;1015.4;5113;2.4
2017-08-10 23:00:00+00:00;20.7;10.01;0.82;0.0026;0.0461;1019.8;5569;3.24
2017-08-12 23:00:00+00:00;21.63;11.97;0.71;0;0;1021.1;6216;1.43
2017-08-14 23:00:00+00:00;22.97;14.3;0.78;0;0;1015;6164;2.44
2017-08-16 23:00:00+00:00;21.56;16.35;0.87;0.1367;0.5834;1012.5;5659;5.31
2017-08-18 23:00:00+00:00;20.03;12.97;0.72;0.0068;0.1187;1017.9;6176;6.13
2017-08-20 23:00:00+00:00;20.35;14.34;0.94;0.1387;0.9981;1021;4188;1.16
2017-08-22 23:00:00+00:00;22.1;16.08;0.84;0;0;1013.7;4989;3.77
2017-08-24 23:00:00+00:00;23.61;9.83;0.79;0;0;1017.3;5965;0.94
2017-08-26 23:00:00+00:00;26.6;13.04;0.76;0;0;1017.9;6216;0.85
2017-08-28 23:00:00+00:00;26.36;15.23;0.78;0;0;1013.3;6.13;1.48
2017-08-30 23:00:00+00:00;19.62;7.92;0.81;0.0166;0.2153;1017.1;5972;2
2017-09-01 23:00:00+00:00;21.16;9.83;0.75;0;0;1022;6216;1.94
2017-09-03 23:00:00+00:00;19.55;14.74;0.93;0.1077;0.6981;1012;4725;3.52
2017-09-05 23:00:00+00:00;19.24;11.89;0.79;0;0;1019.5;6.22;3.8
2017-09-07 23:00:00+00:00;17.22;13.4;0.89;0.2946;1.1435;1001.2;6083;4.7
2017-09-09 23:00:00+00:00;17.18;8.21;0.88;0.0712;0.5883;1000.1;5849;4.74
2017-09-11 23:00:00+00:00;18.37;10.49;0.81;0.0811;1.1399;1005.5;5993;6.16
2017-09-13 23:00:00+00:00;17.36;8.29;0.81;0.0192;0.2525;1008.4;6108;5.3
2017-09-15 23:00:00+00:00;16.5;8.45;0.84;0.0061;97;1011.7;5913;1.15
2017-09-17 23:00:00+00:00;18.02;9.25;0.82;0.0389;0.6573;1017.6;5755;2.33
2017-09-19 23:00:00+00:00;17.13;10.91;0.87;0.0124;0.1514;1019.4;6172;3.93
2017-09-21 23:00:00+00:00;17.8;6.38;0.82;0;0;1021.6;6074;2.81
2017-09-23 23:00:00+00:00;20.67;11.6;0.85;0.0291;0.2285;1018.9;5267;4.24
2017-09-25 23:00:00+00:00;20.44;13.25;0.88;0;0;1021.7;3192;1.18
2017-09-27 23:00:00+00:00;19.33;13.88;0.87;0.2108;3.3671;1018.4;5673;3.75
2017-09-29 23:00:00+00:00;16.66;10.66;0.84;0.0431;0.7062;1017;6003;4.88
2017-10-01 23:00:00+00:00;17.71;11.18;0.8;0.0326;0.3191;1014.1;6188;7.27
2017-10-03 23:00:00+00:00;16.21;8.18;0.8;0;0;1023.4;6216;4.68
2017-10-05 23:00:00+00:00;16.35;7.04;0.77;0;0;1026;6216;3.12
2017-10-07 23:00:00+00:00;17.06;10.02;0.85;0;0;1020.2;6216;1.71
2017-10-09 23:00:00+00:00;16.11;10.86;0.88;0.0004;0.0122;1016.3;6187;4.3
2017-10-11 23:00:00+00:00;17.35;8.86;0.84;0.0009;0.0144;1020.4;6201;3.78
2017-10-13 23:00:00+00:00;18.68;13.92;0.91;0;0;1024.5;5751;3.26
2017-10-15 23:00:00+00:00;19.8;14.19;0.85;0;0;1016.6;6.04;5.76
2017-10-17 23:00:00+00:00;17.11;11.24;0.92;0.0314;0.1345;1011.3;3821;1.72
2017-10-19 23:00:00+00:00;15.62;12.1;0.8;0.0372;0.3333;1005.2;5893;8.58
2017-10-21 23:00:00+00:00;14.01;8.87;0.79;0.0007;0.0078;1013.9;6216;7.61
2017-10-23 23:00:00+00:00;16.38;14.22;0.95;0.0085;54;1019.3;5098;6.28
2017-10-25 23:00:00+00:00;15.72;12.3;0.93;0.0021;0.0196;1024.8;4474;1.24
2017-10-27 23:00:00+00:00;16.46;4.68;0.88;0;0;1027.8;5754;4.11
2017-10-30 00:00:00+00:00;12.49;2.45;0.84;0;0;1030.6;6216;1.16
2017-11-01 00:00:00+00:00;15.56;6.14;0.85;0;0;1019.4;5661;1.5
2017-11-03 00:00:00+00:00;14.36;4.18;0.93;0.0012;0.0636;1013.5;2626;0.72
2017-11-05 00:00:00+00:00;10.73;3.65;0.81;0;0;1015.1;6.21;4.03
2017-11-07 00:00:00+00:00;12.08;6.04;0.86;0.1503;0.7243;1017.9;6.03;5.56
2017-11-09 00:00:00+00:00;13.53;0.93;0.92;0.0037;0.0789;1024.2;5845;1.63
2017-11-11 00:00:00+00:00;13.27;7.89;0.92;0.1712;0.8465;1012;5.24;3.68
2017-11-13 00:00:00+00:00;8.18;1.61;0.78;0;0;1025.9;6216;3.03
2017-11-15 00:00:00+00:00;13.22;8.92;0.93;0.0036;0.0543;1024.3;4737;0.86
2017-11-17 00:00:00+00:00;10.39;0.9;0.81;0;0;1029;6216;1.05
2017-11-19 00:00:00+00:00;8.79;1.57;0.86;0;0;1023.7;6216;1.46
2017-11-21 00:00:00+00:00;14.04;11.79;0.87;0;0;1011.3;6216;7.44
2017-11-23 00:00:00+00:00;14.96;7.8;0.76;0.0905;1.0571;998.7;6216;8.61
2017-11-25 00:00:00+00:00;7.72;-1.4;0.83;0.0046;0.0375;1017;5943;3.94
2017-11-27 00:00:00+00:00;11.52;6.55;0.84;0.0625;0.4022;1015;5988;7.83
2017-11-29 00:00:00+00:00;5.92;0.85;0.82;0;0;1010.9;6216;5.07
2017-12-01 00:00:00+00:00;7.29;2.26;0.78;0;0;1020.5;6216;6.1
2017-12-03 00:00:00+00:00;10.41;5.37;0.91;0.0004;0.0069;1027.1;5194;2.76
2017-12-05 00:00:00+00:00;9;6.86;0.8;0;0;1036;6216;2.53
2017-12-07 00:00:00+00:00;12.52;4.33;0.88;0.1463;1.0471;1011.5;4621;7.6
2017-12-09 00:00:00+00:00;4.6;-0.9;0.83;1;0.0188;1015.8;6216;2.56
2017-12-11 00:00:00+00:00;3.19;-0.41;0.9;0.1144;0.6214;983.3;4729;5.19
2017-12-13 00:00:00+00:00;10.02;4.36;0.9;0.1274;0.5176;997.8;5579;6.59
2017-12-15 00:00:00+00:00;6.19;2.77;0.85;0.0101;0.0969;999;6174;5.9
2017-12-17 00:00:00+00:00;9.99;-2.04;0.93;0.0519;0.4431;1023.4;4.54;3.04
2017-12-19 00:00:00+00:00;7.88;-1.97;0.92;0;0;1035.5;4759;1.22
2017-12-21 00:00:00+00:00;11.61;9.2;0.94;0;0;1036.1;4.28;2.97
2017-12-23 00:00:00+00:00;10.09;7.72;0.94;0;0;1034.5;5821;4.43
2017-12-25 00:00:00+00:00;10.46;6.69;0.9;54;0.6846;1009;5392;9.68
2017-12-27 00:00:00+00:00;7.59;1.01;0.87;143;0.5869;988;5514;7.23
2017-12-29 00:00:00+00:00;8.92;-2.02;0.84;0.2821;2.0276;998.7;5725;7.02
2017-12-31 00:00:00+00:00;12.37;7.26;0.9;0.3306;0.9271;996.5;5345;10.8
2018-01-02 00:00:00+00:00;12.45;4.4;0.9;0.1063;0.4624;1006.7;4851;6.94
2018-01-04 00:00:00+00:00;12.38;7.49;0.85;0.1753;1.0262;996;5595;8.09
2018-01-06 00:00:00+00:00;5.98;3.09;0.89;0.0092;0.0917;1008.3;5689;4.26
2018-01-08 00:00:00+00:00;4.98;3.13;0.87;0;0;1020.2;6131;5.83
2018-01-10 00:00:00+00:00;10.54;1.69;0.9;0.0077;0.1044;1005.1;5553;3.02
2018-01-12 00:00:00+00:00;7.5;5.38;0.91;0.0008;0.0153;1025.5;4299;2.97
2018-01-14 00:00:00+00:00;7.36;3.8;0.81;0;0;1017.8;6088;2.27
2018-01-16 00:00:00+00:00;7.68;3.23;0.8;0.0312;0.2733;997.1;6216;9.16
2018-01-18 00:00:00+00:00;11.08;3.59;0.79;0.0913;1.6682;1001.9;6.11;10.98
2018-01-20 00:00:00+00:00;7.88;2.97;0.91;0.1226;0.5612;1002.9;3981;2.71
2018-01-22 00:00:00+00:00;10.78;7.9;0.84;0.0061;0.05;1012.8;6188;4.64
2018-01-24 00:00:00+00:00;11.98;6.67;0.93;0.2111;0.8853;1009;4319;10.33
2018-01-26 00:00:00+00:00;7.99;1.46;0.9;0.0027;0.0268;1018.9;5.9;1.71
2018-01-28 00:00:00+00:00;12.48;9.21;0.92;0;0;1031.8;6216;6.88
2018-01-30 00:00:00+00:00;10.13;-0.92;0.91;0.0307;0.2835;1027;5.84;2.83
2018-02-01 00:00:00+00:00;7.94;2.8;0.76;0;0;1004.1;6216;7.03
2018-02-03 00:00:00+00:00;5.47;2.78;0.91;0.0491;0.2366;1007.6;5652;1.74
2018-02-05 00:00:00+00:00;4.92;-0.05;0.83;0;0;1025.1;6216;4.57
2018-02-07 00:00:00+00:00;5.95;-0.77;0.75;0;0;1020.2;5952;3.95
2018-02-09 00:00:00+00:00;6.96;0.97;0.81;231;1.7698;1011.2;5979;6.93
2018-02-11 00:00:00+00:00;10.21;1.41;0.74;0.0112;0.1125;1005.2;6074;8.61
2018-02-13 00:00:00+00:00;5.92;2.37;0.86;0.1636;1.0315;1002.1;5237;8.28
2018-02-15 00:00:00+00:00;10.73;2.79;0.83;0.0033;0.06;1010.8;5589;4.77
2018-02-17 00:00:00+00:00;10.36;-0.04;0.86;0;0;1022.4;5326;1.56
2018-02-19 00:00:00+00:00;11.46;6.56;0.95;0.0218;0.1007;1017.3;3278;2.21
2018-02-21 00:00:00+00:00;8.23;1.04;0.79;0;0;1026.1;4476;2.73
2018-02-23 00:00:00+00:00;5.77;-1.68;0.74;0;0;1020.3;5754;5.07
2018-02-25 00:00:00+00:00;6.14;-1.65;0.64;0;0;1026.4;6216;5
2018-02-27 00:00:00+00:00;0.89;-4.91;0.76;0.0011;0.0144;1023.5;5.9;3.02
2018-03-01 00:00:00+00:00;-0.13;-4.35;0.77;0;0;999.1;3989;7.6
2018-03-03 00:00:00+00:00;7.16;0.81;0.9;0.1173;0.8096;990.8;1554;4.76
2018-03-05 00:00:00+00:00;8.3;4.52;0.92;0.0429;0.4504;988.4;5.68;5.14
2018-03-07 00:00:00+00:00;10.38;4.02;0.86;0.0872;406;994.8;5107;3.36
2018-03-09 00:00:00+00:00;10.13;2.85;0.93;0.1848;1.2238;1001.2;5078;4.27
2018-03-11 00:00:00+00:00;13.62;5.7;0.91;0.0473;0.4259;990.4;5081;4.07
2018-03-13 00:00:00+00:00;11.22;4.02;0.84;0;0;1007.2;6216;3.28
2018-03-15 00:00:00+00:00;12.52;7.76;0.88;0.2784;1.2764;989;5.73;4.89
2018-03-17 00:00:00+00:00;7.28;-0.5;0.86;0.0436;0.3556;1004.1;4788;7.22
2018-03-19 00:00:00+00:00;2.49;-0.39;0.75;0.0163;0.0958;1014;6187;6.43
2018-03-21 00:00:00+00:00;10.41;-1.71;0.76;0;0;1031.5;6216;3.3
2018-03-23 00:00:00+00:00;11.52;5.85;0.83;0.0591;0.4414;1001.9;5883;5.81
2018-03-25 00:00:00+00:00;12.04;6.62;0.83;0;0;1010.3;4317;2.41
2018-03-26 23:00:00+00:00;14.06;5.52;0.86;0.1101;0.5584;1008.1;5483;5.28
2018-03-28 23:00:00+00:00;8.52;1.22;0.88;0.0463;0.3496;1001.5;6026;4.45
2018-03-30 23:00:00+00:00;8.75;3.84;0.89;0.0033;0.0318;997.3;6039;4.37
2018-04-01 23:00:00+00:00;10.18;5.41;0.93;223;0.7901;999.8;5516;6.17
2018-04-03 23:00:00+00:00;10.78;7.24;0.88;0.0449;0.3729;994.6;6066;7.52
2018-04-05 23:00:00+00:00;14.39;5.55;0.77;0;0;1011;6216;5.05
2018-04-07 23:00:00+00:00;12.21;7.87;0.94;0.1177;0.4369;1007.7;3723;1.17
2018-04-09 23:00:00+00:00;14.99;9.38;0.92;0.0744;0.3841;1000.6;3136;4.06
2018-04-11 23:00:00+00:00;12.09;7.31;0.9;0;0;1003.2;1.96;4.07
2018-04-13 23:00:00+00:00;16.53;5.24;0.85;0;0;1016;3942;2.32
2018-04-15 23:00:00+00:00;14.46;8.45;0.82;0;0;1014.2;6044;6.04
2018-04-17 23:00:00+00:00;22.34;9.51;0.72;0;0;1026.3;6216;4.45
2018-04-19 23:00:00+00:00;24.86;8.3;0.73;0;0;1023;6217;1.71
2018-04-21 23:00:00+00:00;20.61;10.92;0.82;0.0377;0.6653;1011.1;5758;4.13
2018-04-23 23:00:00+00:00;14.46;10.21;0.89;0.0124;0.1129;1015;5549;6.5
2018-04-25 23:00:00+00:00;13.64;6.43;0.78;0.0059;0.0859;1017;6216;6.29
2018-04-27 23:00:00+00:00;11.05;7.78;0.91;0.0099;0.1688;1009.2;5446;3.36
2018-04-29 23:00:00+00:00;9.12;4.74;0.82;0.1385;0.5485;1006.3;5702;7.22
2018-05-01 23:00:00+00:00;14.99;7.24;0.81;0.1447;1238;1006.7;5489;6.8
2018-05-03 23:00:00+00:00;18.22;6.84;0.76;0;0;1023.4;6216;1.72
2018-05-05 23:00:00+00:00;24.88;7.57;0.64;0;0;1021.8;6216;2.13
2018-05-07 23:00:00+00:00;23.18;8.93;0.74;0;0;1010.5;5947;3.12
2018-05-09 23:00:00+00:00;17.12;8.86;0.72;0.0409;0.3586;1015;6.19;5.36
2018-05-11 23:00:00+00:00;13.43;9.57;0.89;0.1102;0.9658;1012.8;5.64;1.72
2018-05-13 23:00:00+00:00;21.78;7.63;0.6;0;0;1019.6;6216;4.87
2018-05-15 23:00:00+00:00;17.41;9.61;0.69;0;0;1023.4;6216;5.65
2018-05-17 23:00:00+00:00;15.68;4.79;0.78;0;0;1025.6;6216;2.16
2018-05-19 23:00:00+00:00;20.65;5.71;0.74;;;;5198;5.23
2018-05-21 23:00:00+00:00;23.24;11.3;0.64;;;;6216;9.71
2018-05-23 23:00:00+00:00;16.24;10.77;0.91;;;;3133;7.47
2018-05-25 23:00:00+00:00;26.07;13.76;0.78;;;;3.89;11.54
2018-05-27 23:00:00+00:00;26.3;13.57;0.77;0.0037;0.0474;1017.6;5988;4.69
2018-05-29 23:00:00+00:00;19.09;13.21;0.91;;;;3037;5.99
2018-05-31 23:00:00+00:00;20.32;15.23;0.86;;;;4432;6.46
2018-06-02 23:00:00+00:00;25.73;12.08;0.67;;;;6216;3.98
2018-06-04 23:00:00+00:00;18.15;11.74;0.81;;;;5914;11.07
2018-06-06 23:00:00+00:00;20.02;12.72;0.78;;;;6.08;6.63
2018-06-08 23:00:00+00:00;21.14;13.16;0.76;;;;6187;6.82
2018-06-10 23:00:00+00:00;24.24;12.2;0.67;;;;6175;9.37
2018-06-12 23:00:00+00:00;20.75;8.14;0.68;;;;6216;7.14
2018-06-14 23:00:00+00:00;21.14;11.3;0.64;;;;6216;7.64
2018-06-16 23:00:00+00:00;17.24;12.64;0.77;;;;5812;12.41
2018-06-18 23:00:00+00:00;23.07;16.72;0.79;;;;6184;10.23
2018-06-20 23:00:00+00:00;20.63;11.2;0.49;;;;6216;10.76
2018-06-22 23:00:00+00:00;23.12;10.04;0.59;;;;6216;6.66
2018-06-24 23:00:00+00:00;28.05;12.19;0.56;;;;6216;5.57
2018-06-26 23:00:00+00:00;25.69;11.12;0.6;;;;6145;9.18
2018-06-28 23:00:00+00:00;27.03;13.77;0.59;;;;6216;10.36
2018-06-30 23:00:00+00:00;31.02;14.78;0.52;;;;6216;8.1
2018-07-02 23:00:00+00:00;26.31;14.69;0.51;;;;6216;12.62
2018-07-04 23:00:00+00:00;24.18;15.75;0.8;0.1494;0.3349;1017.3;7.14;7.02
2018-07-06 23:00:00+00:00;27.41;17.17;0.69;0;0;1023.8;10;6.08
2018-07-08 23:00:00+00:00;24.96;16.38;0.7;0.0054;0.0149;1025.9;10;5.19
2018-07-10 23:00:00+00:00;22.12;13.66;0.76;4;0.0118;1022.3;10;5.57
2018-07-12 23:00:00+00:00;22.55;15.24;0.79;0.0747;287;1022.8;10;4.06
2018-07-14 23:00:00+00:00;25.48;14.67;0.7;0.0008;0.0032;1017;10;4.74
2018-07-16 23:00:00+00:00;20.77;13.93;0.72;0.0026;0.0117;1017.3;10;12.26
2018-07-18 23:00:00+00:00;25.02;15.03;0.68;0.0038;0.0302;1018.9;10;4.75
2018-07-20 23:00:00+00:00;23.3;15.23;0.78;0.0075;0.0313;1014.9;10;5.15
2018-07-22 23:00:00+00:00;25.1;17.21;0.77;0;0;1017.4;10;8.1
2018-07-24 23:00:00+00:00;27.05;16.79;0.71;0;0;1016.9;10;5.76
2018-07-26 23:00:00+00:00;25.98;18.19;0.77;0.0971;0.2868;1011.1;8834;6.97
2018-07-28 23:00:00+00:00;20.43;16.54;0.9;644;3.0072;1007.9;9142;23.78
2018-07-30 23:00:00+00:00;21.81;16.22;0.76;0.0695;0.6735;1017.3;10;10.51
2018-08-01 23:00:00+00:00;24.01;14.34;0.75;0.0006;0.0021;1023.9;10;5.84
2018-08-03 23:00:00+00:00;27.18;19.15;0.69;0;0;1023;10;8.4
2018-08-05 23:00:00+00:00;26.52;15.36;0.74;0;0;1015.7;10;4.58
2018-08-07 23:00:00+00:00;21.22;14.14;0.72;0.0018;0.05;1012.2;10;13.36
2018-08-09 23:00:00+00:00;18.6;13.43;0.78;0.3057;1.3793;1020;8.65;17.91
2018-08-11 23:00:00+00:00;19.73;16.7;0.84;0.1604;0.8023;1012.1;9575;13.28
2018-08-13 23:00:00+00:00;21.89;15.01;0.8;0.0035;0.0128;1017.1;10;10.7
2018-08-15 23:00:00+00:00;19.62;15.37;0.86;0.2562;1.6421;1015.8;8.71;13.49
2018-08-17 23:00:00+00:00;21.45;15.88;0.81;8;0.0311;1022.4;10;12.7
2018-08-19 23:00:00+00:00;22.96;16.42;0.87;0.0016;0.0037;1021.2;10;8.74
2018-08-21 23:00:00+00:00;22.09;15.63;0.86;0.0022;0.0069;1018.2;10;8.15
2018-08-23 23:00:00+00:00;18.28;12.49;0.72;0.0814;0.4207;1015.3;9061;15.59
2018-08-25 23:00:00+00:00;19;12.27;0.83;1027;4.8099;1011.6;7846;16.75
2018-08-27 23:00:00+00:00;19.71;11.65;0.76;0.0017;0.0137;1017.8;10;4.6
2018-08-29 23:00:00+00:00;19.91;12.49;0.66;0.0036;0.0333;1023.3;10;5.66
2018-08-31 23:00:00+00:00;21.54;13.93;0.72;0.0009;0.0032;1025.6;10;8.7
2018-09-02 23:00:00+00:00;22.82;12.72;0.69;0.0005;3;1020.9;10;4.1
2018-09-04 23:00:00+00:00;22.23;13.51;0.75;0;0;1020.6;10;10.15
2018-09-06 23:00:00+00:00;18.14;9.73;0.7;0.0022;0.0093;1017.2;10;11.12
2018-09-08 23:00:00+00:00;21.34;15.6;0.78;0.0159;0.2023;1019.3;10;13.53
2018-09-10 23:00:00+00:00;20.54;16.6;0.88;0.0082;0.02;1021.3;10;19.98
2018-09-12 23:00:00+00:00;19.43;9.07;0.69;0.0012;0.0041;1023.7;10;7.63
2018-09-14 23:00:00+00:00;20.24;12.13;0.76;0.0015;0.0043;1024.4;10;10.38
2018-09-16 23:00:00+00:00;22.08;16.42;0.78;0.0057;0.0212;1015;10;12.01
2018-09-18 23:00:00+00:00;20.61;16.74;0.83;0.0087;0.0217;1014.3;10;22.6
2018-09-20 23:00:00+00:00;18.9;11.54;0.7;0.1223;0.8931;1010.3;9.19;25.76
2018-09-22 23:00:00+00:00;14.13;9.98;0.82;0.4605;3.0125;1018.7;8389;17
2018-09-24 23:00:00+00:00;16.74;7.41;0.62;0.0003;2;1037.8;10;6.6
2018-09-26 23:00:00+00:00;21.02;10.12;0.72;0;0;1027.2;10;4.92
2018-09-28 23:00:00+00:00;17.21;7.98;0.7;0.0013;0.0032;1028.7;10;7.26
2018-09-30 23:00:00+00:00;15.42;7.45;0.69;0.0012;0.0081;1026.2;10;13.47
2018-10-02 23:00:00+00:00;19.5;11.78;0.82;0.0014;0.0041;1027.6;10;9.21
2018-10-04 23:00:00+00:00;20.07;13.2;0.82;0.0007;0.0041;1015.8;10;7.01
2018-10-06 23:00:00+00:00;15.58;7.45;0.7;0.0017;0.0064;1022.2;10;13.38
2018-10-08 23:00:00+00:00;19.32;11.34;0.77;0.0007;0.0041;1018.9;10;9.56
2018-10-10 23:00:00+00:00;19.41;15.38;0.85;201;1.3987;1004.8;9411;19.32
2018-10-12 23:00:00+00:00;21.8;18.46;0.77;0.0031;0.0216;1010.5;10;20.57
2018-10-14 23:00:00+00:00;17.53;10.42;0.91;0.1098;0.4596;1010.3;9384;9.58
2018-10-16 23:00:00+00:00;17.27;12.95;0.82;0.0069;0.0341;1019.7;10;6.33
2018-10-18 23:00:00+00:00;16.9;8.85;0.74;0.0013;0.0041;1026.6;10;7.49
2018-10-20 23:00:00+00:00;18.62;10.36;0.82;0.0003;2;1028.7;10;5.86
2018-10-22 23:00:00+00:00;16.38;7.57;0.78;0;0;1032.9;10;12.23
2018-10-24 23:00:00+00:00;13.88;6.77;0.85;0.0007;0.0032;1022.9;10;7.89
2018-10-26 23:00:00+00:00;8.66;4.01;0.75;0.0014;0.0099;1013.8;10;17.42
2018-10-29 00:00:00+00:00;9.83;4.58;0.74;0.0018;15;1006.5;10;17.57
2018-10-31 00:00:00+00:00;13.6;4.67;0.75;0.0353;389;1006.7;10;12.19
2018-11-02 00:00:00+00:00;11.41;3.61;0.73;0.0007;0.0041;1024.5;10;6.6
2018-11-04 00:00:00+00:00;13.2;9.96;0.78;2;0.0052;1010.9;10;15.4
2018-11-06 00:00:00+00:00;15.32;12.42;0.9;0.0365;0.8651;1000;10;16.54
2018-11-08 00:00:00+00:00;13.72;8.94;0.74;0.0015;0.0079;1014;10;19.62
2018-11-10 00:00:00+00:00;14.43;10.61;0.9;0.7019;2.6274;995.5;5746;17.76
2018-11-12 00:00:00+00:00;14.22;11.25;0.81;0.1798;0.5041;1010.8;4886;18.43
2018-11-14 00:00:00+00:00;14.04;11.41;0.81;0.0014;0.0124;1022.7;10;14.75
2018-11-16 00:00:00+00:00;13.46;9.1;0.93;0.0033;0.0076;1024.6;10;9.53
2018-11-18 00:00:00+00:00;11.81;6.78;0.71;0;0;1025.4;10;20.31
2018-11-20 00:00:00+00:00;6.19;3.68;0.82;0.2046;0.3529;1008.1;5315;17.42
2018-11-22 00:00:00+00:00;8.49;2.48;0.84;0.0077;0.0253;1016.9;10;11.52
2018-11-24 00:00:00+00:00;9.8;6.9;0.95;0.4509;0.9313;1009.6;4115;12.39
2018-11-26 00:00:00+00:00;8.73;4.15;0.9;0.0032;0.0092;1013.8;10;11.78
2018-11-28 00:00:00+00:00;14.14;9.28;0.94;0.2146;0.4228;1009;9.5;25.19
2018-11-30 00:00:00+00:00;12.01;8.83;0.79;0.0481;0.1621;1008.9;10;17.32
2018-12-02 00:00:00+00:00;14.85;13.03;0.93;0.1556;0.5079;999.8;9157;23.32
2018-12-04 00:00:00+00:00;8.83;4.86;0.81;37;0.3565;1021.2;8562;7.13
2018-12-06 00:00:00+00:00;13.41;10.31;0.95;0.0821;0.3261;1015.7;9937;17.46
2018-12-08 00:00:00+00:00;13.54;8.89;0.81;0.1492;0.8189;1005.9;9966;29.89
2018-12-10 00:00:00+00:00;10.23;5.42;0.83;0.0013;0.0032;1027.7;10;12.48
2018-12-12 00:00:00+00:00;8.74;5.48;0.77;0.0062;0.0243;1021.2;10;16.26
2018-12-14 00:00:00+00:00;5.25;1.71;0.74;0.0037;0.0156;1022.5;10;11.08
2018-12-16 00:00:00+00:00;10.6;6.76;0.86;0.2614;1313;1007.2;6.35;16
2018-12-18 00:00:00+00:00;11.07;8.78;0.87;507;2.1998;1010;7024;25.19
2018-12-20 00:00:00+00:00;11.72;8.22;0.84;0.2199;1.1891;1008.2;7652;20.16
2018-12-22 00:00:00+00:00;12.21;9.11;0.84;0.0062;0.0342;1017.2;10;18.1
2018-12-24 00:00:00+00:00;9.36;6.32;0.88;0.0814;452;1032;7885;9.45
2018-12-26 00:00:00+00:00;9.91;6.46;0.82;1;0.0043;1030.8;10;5.7
2018-12-28 00:00:00+00:00;9.85;3.99;0.92;0.0009;3;1031.3;10;6.22
2018-12-30 00:00:00+00:00;11.31;6.66;0.94;0.0022;14;1036.2;10;8.24
2019-01-01 00:00:00+00:00;11.16;4.81;0.86;0.0022;0.0131;1036.3;10;11.53
2019-01-03 00:00:00+00:00;6.33;0.82;0.79;0.0006;0.0043;1043.2;10;6.78
2019-01-05 00:00:00+00:00;5.46;-0.21;0.86;0.0005;0.0019;1039.8;10;8.96
2019-01-07 00:00:00+00:00;10.68;3.47;0.92;0.0046;0.0213;1034.1;10;13.91
2019-01-09 00:00:00+00:00;6.04;2.05;0.82;0;0;1029.4;10;15.98
2019-01-11 00:00:00+00:00;9.08;3.52;0.91;0.0052;0.0347;1030.7;10;10.97
2019-01-13 00:00:00+00:00;11.76;8.66;0.84;0.0064;0.0258;1016.5;10;21.54
2019-01-15 00:00:00+00:00;10.33;4.34;0.87;12;0.0281;1020.7;10;13.44
2019-01-17 00:00:00+00:00;6.26;0.79;0.78;0.0285;0.1546;1012;9422;15.69
2019-01-19 00:00:00+00:00;6.85;4.39;0.91;0.1231;0.6047;1009.7;8024;15.28
2019-01-21 00:00:00+00:00;7.48;-0.56;0.8;0.0093;0.2283;1021.7;10;8.34
2019-01-23 00:00:00+00:00;4.19;-0.45;0.85;0.0013;0.0051;1002.3;10;13.62
2019-01-25 00:00:00+00:00;10.73;2.51;0.94;0.0179;0.0777;1015.2;10;10.02
2019-01-27 00:00:00+00:00;8.69;4.13;0.77;0.0865;326;993.8;8344;25.78
2019-01-29 00:00:00+00:00;6.92;1.29;0.81;0.2094;1.0802;1000.2;5192;9.82
2019-01-31 00:00:00+00:00;5.25;-0.81;0.82;0.1951;0.99;990.5;7704;15.54
2019-02-02 00:00:00+00:00;3.67;-0.02;0.88;0.0326;0.4909;1006.9;8789;19.54
2019-02-04 00:00:00+00:00;10;5.83;0.92;0.3878;1.5199;1020.3;7478;22.07
2019-02-06 00:00:00+00:00;10.79;7.84;0.96;0.3043;1413;1017.5;8262;11.91
2019-02-08 00:00:00+00:00;10.93;7.89;0.91;0.4679;1.6432;1000.5;7846;29.46
2019-02-10 00:00:00+00:00;7.84;4.87;0.85;0.2211;0.7098;999.1;7158;17.33
2019-02-12 00:00:00+00:00;10.95;4.54;0.85;0.0013;0.0041;1034.2;10;9.93
2019-02-14 00:00:00+00:00;10.7;4.52;0.86;0.0016;0.0042;1032;10;8.98
2019-02-16 00:00:00+00:00;11.19;7.17;0.94;0.0039;0.0093;1023.5;10;10.88
2019-02-18 00:00:00+00:00;10.2;6.61;0.9;0.0519;0.3108;1016.4;8058;12.05
2019-02-20 00:00:00+00:00;10.64;7.03;0.84;0.0084;0.0257;1021.3;10;15.01
2019-02-22 00:00:00+00:00;10.91;6.01;0.88;0.0049;0.0109;1034.6;10;7.61
2019-02-24 00:00:00+00:00;12.76;5.75;0.79;0.0013;0.0052;1035.3;10;8.17
2019-02-26 00:00:00+00:00;14.57;6.51;0.77;0.0012;0.0042;1032.2;10;8.5
2019-02-28 00:00:00+00:00;11.93;8.12;0.91;0.1182;0.9489;1017.5;9183;14.02
2019-03-02 00:00:00+00:00;12.28;8.14;0.89;0.0947;0.5007;1011.6;9308;19.32
2019-03-04 00:00:00+00:00;10.04;5.08;0.81;0.2614;1.2099;996.6;7394;19.44
2019-03-06 00:00:00+00:00;11.91;8.32;0.91;0.4572;1.1457;991;7371;23.43
2019-03-08 00:00:00+00:00;10.62;5.29;0.82;0.1592;0.7539;1011.6;9288;17.5
2019-03-10 00:00:00+00:00;10.98;5.73;0.76;0.1702;616;1011.5;8812;28.61
2019-03-12 00:00:00+00:00;10.65;5.66;0.81;0.3916;1.5673;1009;7542;29.39
2019-03-14 00:00:00+00:00;13.13;7.58;0.82;0.1753;573;1008.9;7767;23.31
2019-03-16 00:00:00+00:00;11.03;9.16;0.87;0.1448;0.5577;1005.3;9.76;31.86
2019-03-18 00:00:00+00:00;10.93;4.56;0.76;0.0561;0.2434;1021.6;8.13;11.4
2019-03-20 00:00:00+00:00;12.87;7.14;0.91;0.0028;0.0073;1033.3;10;8.99
2019-03-22 00:00:00+00:00;11.35;6.58;0.88;0.0009;0.0035;1029.4;10;7.62
2019-03-24 00:00:00+00:00;13.46;4.35;0.7;0.0003;3;1030.8;10;8.15
2019-03-26 00:00:00+00:00;12.76;4.01;0.71;1;0.0041;1034.7;10;4.71
2019-03-28 00:00:00+00:00;13.41;5.77;0.74;0.0003;2;1036.2;10;2.57
2019-03-30 00:00:00+00:00;16.16;6.8;0.79;0.0014;0.0062;1021.9;10;4.02
2019-03-31 23:00:00+00:00;14.44;6.01;0.76;0.0006;0.0032;1019.6;10;12.98
2019-04-02 23:00:00+00:00;8.22;2.19;0.77;0.0783;0.3201;999.9;8592;7.24
2019-04-04 23:00:00+00:00;12.05;7.68;0.71;0.0351;213;1001.5;9822;18.42
2019-04-06 23:00:00+00:00;13.56;6.78;0.86;0.0056;0.0144;1007.7;10;8.87
2019-04-08 23:00:00+00:00;11.64;7.5;0.91;427;1.7728;1013.7;5881;8.85
2019-04-10 23:00:00+00:00;12.24;2.76;0.7;0.0004;0.0021;1025;10;11.51
2019-04-12 23:00:00+00:00;9.29;2.72;0.68;0.0077;0.0433;1026.9;10;11.8
2019-04-14 23:00:00+00:00;12.9;6.17;0.66;0.0022;0.0052;1019.4;10;18.22
2019-04-16 23:00:00+00:00;14.93;7.57;0.84;0.0014;0.0091;1019.7;10;6.41
2019-04-18 23:00:00+00:00;20.95;9.8;0.67;0.0007;0.0041;1027.3;10;10.98
2019-04-20 23:00:00+00:00;20.56;9.03;0.66;0.0008;0.0041;1020.2;10;8.31
2019-04-22 23:00:00+00:00;19.41;11.66;0.71;0;0;997;10;8.52
2019-04-24 23:00:00+00:00;14.26;9.57;0.82;0.1361;0.6721;999.8;9207;16.51
2019-04-26 23:00:00+00:00;12.69;8.03;0.68;0.1424;0.4998;1011.3;9904;27.57
2019-04-28 23:00:00+00:00;13.92;7.65;0.75;0.0023;0.0081;1025.9;10;5.55
2019-04-30 23:00:00+00:00;14.29;7.89;0.84;0.0162;0.0556;1019.3;10;5.55
2019-05-02 23:00:00+00:00;14.13;7.08;0.82;0.0401;0.1527;1015.2;10;9.06
2019-05-04 23:00:00+00:00;11.96;4.42;0.67;0.0117;0.0488;1026.2;10;10.11
2019-05-06 23:00:00+00:00;13.42;7.22;0.7;0.0058;0.0379;1015.2;9913;8.48
2019-05-08 23:00:00+00:00;14.6;9.16;0.84;0.1244;0.4301;998.4;9981;11.65
2019-05-10 23:00:00+00:00;14.93;8.21;0.77;0.1225;0.4184;1019.4;9475;9.15
2019-05-12 23:00:00+00:00;16.02;6.86;0.68;0.0012;0.0041;1039.2;10;11.41
2019-05-14 23:00:00+00:00;17.56;8.1;0.71;0.0009;0.0041;1026.4;10;10.78
2019-05-16 23:00:00+00:00;14.1;8.6;0.84;0.0493;0.1221;1009.2;10;9.58
2019-05-18 23:00:00+00:00;16.68;10.28;0.82;0.0606;0.1277;1010.3;9498;4.4
2019-05-20 23:00:00+00:00;18.69;10.59;0.71;0.0042;0.0289;1018.7;10;7.76
2019-05-22 23:00:00+00:00;19.25;10.49;0.71;0.0007;0.0021;1017.4;10;7.19
2019-05-24 23:00:00+00:00;19.3;11.69;0.8;0.0289;0.0724;1019.9;10;8.52
2019-05-26 23:00:00+00:00;17.17;10.54;0.77;0.0266;0.1087;1011.9;9213;13.18
2019-05-28 23:00:00+00:00;14.72;10.03;0.83;0.0894;0.4772;1020.2;9042;12.07
2019-05-30 23:00:00+00:00;17.8;12.78;0.86;5;0.0175;1025;10;10.66
2019-06-01 23:00:00+00:00;18.89;14.63;0.81;0.0045;0.0337;1011.6;10;13.29
2019-06-03 23:00:00+00:00;16.51;11.45;0.88;0.2955;1.1528;1006.9;9291;10.5
2019-06-05 23:00:00+00:00;16.2;10.49;0.72;5;0.0126;1011.4;10;12.1
2019-06-07 23:00:00+00:00;16.27;11.49;0.81;0.2269;1.3779;1013.8;8964;24.17
2019-06-09 23:00:00+00:00;12.72;10.57;0.91;1.0862;2931;1015.6;6442;8.66
2019-06-11 23:00:00+00:00;15.97;10.42;0.9;0.2702;0.6721;1010.2;8643;8.04
2019-06-13 23:00:00+00:00;17.16;12.71;0.82;1.8897;30.7866;1012.1;10;14.76
2019-06-15 23:00:00+00:00;17.78;11.9;0.87;73;0.2814;1018.3;9625;14.4
2019-06-17 23:00:00+00:00;20.42;11.58;0.8;0.1132;0.4795;1014.4;10;4.43
2019-06-19 23:00:00+00:00;17.47;11.47;0.8;0.0145;0.0504;1014;10;13.35
2019-06-21 23:00:00+00:00;19.38;11.41;0.74;0.0006;0.0032;1021.4;10;6.13
2019-06-23 23:00:00+00:00;20.83;16.18;0.86;0.0345;0.2803;1016.7;10;8.18
2019-06-25 23:00:00+00:00;23.1;15.95;0.85;0.0015;0.0081;1025.9;10;14.59
2019-06-27 23:00:00+00:00;22.65;13.63;0.79;0.0009;0.0021;1023.1;10;17.45
2019-06-29 23:00:00+00:00;21.18;14.38;0.79;0.0034;0.0212;1017;10;13.63
2019-07-01 23:00:00+00:00;20.37;12.09;0.71;0;0;1025;10;8.13
2019-07-03 23:00:00+00:00;20.73;12.1;0.73;0.0012;0.0062;1025.3;10;6.74
2019-07-05 23:00:00+00:00;22.59;14.99;0.77;0.0044;0.0244;1014.3;10;6.37
2019-07-07 23:00:00+00:00;19.37;14.48;0.71;0.0022;0.0098;1021.2;10;7.11
2019-07-09 23:00:00+00:00;21.74;15.32;0.76;0.0032;0.0082;1019.5;10;8.63
2019-07-11 23:00:00+00:00;23.39;15.54;0.77;0.0196;0.0538;1015.9;10;9.43
2019-07-13 23:00:00+00:00;20.6;14.29;0.8;0.0058;0.0345;1023.1;10;6.13
2019-07-15 23:00:00+00:00;21.11;12.65;0.76;0.0026;0.0076;1020.1;10;4.22
2019-07-17 23:00:00+00:00;21.55;15.68;0.83;0.0453;0.2129;1012;10;13.95
2019-07-19 23:00:00+00:00;21.2;16.13;0.88;0.8262;5.7769;1010.5;8273;17.41
2019-07-21 23:00:00+00:00;21.51;16.35;0.87;0.0024;0.0087;1023.1;10;11.34
2019-07-23 23:00:00+00:00;23.47;18.15;0.8;0.2347;2.4211;1013.2;9976;9.65
2019-07-25 23:00:00+00:00;22.64;17.76;0.84;0.1184;0.5869;1011.9;9935;10.47
2019-07-27 23:00:00+00:00;22.45;14.61;0.79;0.0115;0.0537;1007.4;10;13.89
2019-07-29 23:00:00+00:00;19.3;16.48;0.86;0.2201;0.6997;1006.6;9846;25.49
2019-07-31 23:00:00+00:00;21.44;13.93;0.82;0.0177;0.0519;1018.3;10;6.22
2019-08-02 23:00:00+00:00;20.76;15.84;0.84;0.0011;0.0075;1019.2;10;7.57
2019-08-04 23:00:00+00:00;21.81;16.54;0.81;0.0175;0.0951;1011.5;10;16.39
2019-10-01 23:00:00+00:00;14.46;7.98;0.72;0.0033;14;1017.4;10;11.81
2019-10-03 23:00:00+00:00;16.25;11.94;0.85;0.0699;529;1007;10;17.22
2019-10-05 23:00:00+00:00;17.59;11.9;0.82;0.3073;1.5303;1012.2;9921;18.71
2019-10-07 23:00:00+00:00;17.3;12.89;0.8;0.0422;0.2582;1008.6;10;18.07
2019-10-09 23:00:00+00:00;16.85;10.6;0.79;18;88;1012.8;10;20.32
2019-10-11 23:00:00+00:00;13.8;10.91;0.93;0.4025;639;1008.6;9571;6.25
2019-10-13 23:00:00+00:00;18.01;12.17;0.92;0.6828;1.9021;1006.2;8966;14.05
2019-10-15 23:00:00+00:00;16.03;11.7;0.87;433;2142;1004.2;9297;15.1
2019-10-17 23:00:00+00:00;14.59;11.11;0.83;0.5191;1.2955;1001.7;9.18;22.93
2019-10-19 23:00:00+00:00;13.75;7.42;0.83;2;0.0083;1009.8;10;10.94
2019-10-21 23:00:00+00:00;15.12;7.66;0.82;0.0036;0.0085;1023.7;10;4.51
2019-10-23 23:00:00+00:00;13.36;11.7;0.92;0.2704;1.5226;1006.5;9411;9.19
2019-10-25 23:00:00+00:00;16.83;7.53;0.88;0.2349;0.9736;1009.8;9375;27.86
2019-10-28 00:00:00+00:00;11.79;4.76;0.79;4;22;1024.2;10;11.96
2019-10-30 00:00:00+00:00;12.57;9.66;0.76;0.0128;0.0636;1023.2;10;17.54
2019-11-01 00:00:00+00:00;16.02;11.59;0.96;0.3092;0.8382;1001.1;9785;17.22
2019-11-03 00:00:00+00:00;14.24;8.36;0.85;0.0812;0.3464;983.7;10;10.25
2019-11-05 00:00:00+00:00;12.77;8.64;0.92;0.1269;0.2869;997;10;11.56
2019-11-07 00:00:00+00:00;10.77;6.41;0.83;0.3526;2.0116;994.1;9416;14.15
2019-11-09 00:00:00+00:00;10.33;2.34;0.89;0.3964;2.3001;1007.3;9051;10.68
2019-11-11 00:00:00+00:00;10.1;5.99;0.84;0.1507;867;1004;10;19.23
2019-11-13 00:00:00+00:00;9.61;5.3;0.84;0.2767;2.4085;999.1;9154;13.3
2019-11-15 00:00:00+00:00;9.13;3.92;0.91;0.1779;925;1003.3;9.8;17.19
2019-11-17 00:00:00+00:00;9.38;4.05;0.87;0.0107;0.0358;1011.3;10;7.74
2019-11-19 00:00:00+00:00;10.06;2.05;0.82;4;0.0323;1016.8;10;6.98
2019-11-21 00:00:00+00:00;9.61;6.41;0.89;0.2921;1.0223;1002.6;8793;16.75
2019-11-23 00:00:00+00:00;12.37;9.58;0.95;391;0.9284;993.2;9752;14.95
2019-11-25 00:00:00+00:00;12.3;10.21;0.96;0.1296;0.3248;1002.9;9687;15.98
2019-11-27 00:00:00+00:00;11.93;9.26;0.94;0.2865;1.1306;985.3;7162;17.13
2019-11-29 00:00:00+00:00;8.37;3.61;0.86;0.0396;0.2928;1015.3;10;9.12
2019-12-01 00:00:00+00:00;8.21;2.8;0.8;0.0026;11;1022.2;10;18.03
2019-12-03 00:00:00+00:00;9.25;2.31;0.86;0.0026;0.0088;1028.1;10;3.62
2019-12-05 00:00:00+00:00;10.59;1.3;0.88;0.0118;0.2122;1020.1;10;13.42
2019-12-07 00:00:00+00:00;11.46;6.84;0.86;0.0057;0.0177;1013.9;9965;15.04
2019-12-09 00:00:00+00:00;10.09;3.6;0.75;0.0124;0.0731;1010.7;9929;22.1
2019-12-11 00:00:00+00:00;9.09;3.87;0.84;0.0367;0.2321;1006;10;14.9
2019-12-13 00:00:00+00:00;9;5.86;0.84;0.2483;1.5289;981.7;9161;24
2019-12-15 00:00:00+00:00;9.61;6.16;0.83;0.2219;1.4215;997.5;7518;25.36
2019-12-17 00:00:00+00:00;8.35;6.35;0.94;0.2371;0.7706;1001;9858;8.59
2019-12-19 00:00:00+00:00;12.47;9.71;0.91;0.5113;1.1578;997.3;9125;23.83
2019-12-21 00:00:00+00:00;10.61;8.47;0.91;0.6032;2.2462;980.2;8766;20.64
2019-12-23 00:00:00+00:00;10.75;7.17;0.87;0.0108;0.1126;1008.5;10;16.79
2019-12-25 00:00:00+00:00;8.55;4.3;0.86;0.0014;0.0098;1024.2;10;7.55
2019-12-27 00:00:00+00:00;9.56;4.64;0.93;0.0069;0.1352;1029.3;10;6.39